skin_decision;Flay [Root.GetTitledFirstName] Alive;Écorcher le prisonnier;;;Despellejar a [Root.GetTitledFirstName] vivo.;;;;;;;;;x;;;;
drown_decision;Drown Prisoner;Noyer le prisonnier;;;Ahogar a [Root.GetTitledFirstName];;;;;;;;;x;;;;
skin_decision_desc;Boltons have a long history of flaying prisoners, if we should do this to [Root.GetTitledFirstNameWithDynastyAndTitleNoRegnal] and give [Root.GetHerHim] an agonising death it would surely be a great warning to our enemies.;Les Bolton ont une longue tradition d'écorchement de prisonniers, si nous devions l'appliquer à [Root.GetTitledFirstNameWithDynastyAndTitleNoRegnal] et lui faire subir une telle agonie, ce serait sûrement un grand avertissement pour nos ennemis.;;;Los Bolton tienen una larga tradición de desollar a los prisioneros, si desollamos a [Root.GetTitledFirstNameWithDynastyAndTitleNoRegnal] para que muera agonizando será una gran advertencia para nuestros enemigos.;;;;;;;;;x;;;;
drown_decision_desc;The Drowned God looks favourably upon sacrifices to him, we should tie up [Root.GetTitledFirstNameWithDynastyAndTitleNoRegnal] to the sands at low tide and slowly let the Drowned God take [Root.GetHerHim] beneath the sea.;Le Dieu Noyé apprécie les sacrifices, nous devrions ligoter [Root.GetTitledFirstNameWithDynastyAndTitleNoRegnal] sur le sable à marée basse et laisser le Dieu Noyé l'emmener lentement sous la mer.;;;El Dios Ahogado aprecia los sacrificios, deberíamos atar a [Root.GetTitledFirstNameWithDynastyAndTitleNoRegnal] a la arena durante la marea baja y poco a poco dejar que el Dios Ahogado lo lleve a las estancias acuosas.;;;;;;;;;x;;;;
TOOLTIPINCREASETYRANY1;§RTyranny§! increases by §R5§!;Votre Tyrannie augmentera de un niveau\n;;;Tu tiranía se incrementará en un nivel\n;;;;;;;;;x;;;;
TOOLTIPINCREASETYRANY2;§RTyranny§! increases by §R10§!;Votre Tyrannie augmentera de deux niveaux\n;;;Tu tiranía se incrementará en dos niveles\n;;;;;;;;;x;;;;
EVTDESC509128;Boltons have a long history of flaying prisoners, if we should do this to [From.GetTitledFirstNameWithDynastyAndTitleNoRegnal] and give [From.GetHerHim] an agonising death it would surely be a great warning to our enemies.;La tradition des Bolton veut qu'ils écorchent leurs prisonniers. Si nous le faisions à [From.GetTitledFirstNameWithDynastyAndTitleNoRegnal] avant de lui donner la mort de façon si douloureuse, cela serait sûrement un terrible avertissement à destination des nos ennemis.;;;Los Bolton tienen una larga tradición de desollar a los prisioneros, si desollamos a [Root.GetTitledFirstNameWithDynastyAndTitleNoRegnal] para que muera agonizando será una gran advertencia para nuestros enemigos.;;;;;;;;;x;;;;
EVTOPTA509128;Yes, it must be done;Oui, cela doit être fait.;;;Sí, es lo que se ha de hacer.;;;;;;;;;x;;;;
EVTOPTB509128;No, I will give [From.GetHerHim] a quick death;Non, je vais lui octroyer une mort rapide.;;;No, daré a  [From.GetHerHim] una muerte rápida.;;;;;;;;;x;;;;
EVTDESC50028;You have decided [FromFrom.GetTitledFirstName] will not escape the customary flaying. You've had your goaler strip the skin off of [FromFrom.GetHerHim], the screams were to be heard throughout the castle. But now we have a fine [FromFrom.GetOnlyDynastyName] skin, and the fear of our enemies....;Vous avez décidé que [FromFrom.GetTitledFirstName] n'échapperait pas à l'écorchage ! Sur votre ordre, le geôlier lui a arraché la peau, ses cris ont été entendus dans tout le château. Mais maintenant nous avons une superbe peau de [FromFrom.GetOnlyDynastyName], et la crainte de nos ennemis...;;;Ordenaste que desollaran a [From.GetTitledFirstName]. Mientras el carcelero rasgaba su piel, los gritos se escuchaban por todo el castillo. Ahora tenemos una fina piel de [From.GetOnlyDynastyName], y el temor de nuestros enemigos....;;;;;;;;;x;;;;
EVTOPTA50028;That will teach them!;Ça leur apprendra !;;;Eso les enseñará!;;;;;;;;;x;;;;
EVTDESC50029;The door to your dank cell opens, and the goaler walks in with a wicked smile on his face. He has brought with him a set of rusty, but deadly sharp blades and says '[From.GetTitledFirstName] has ordered that you are to be flayed alive, as just warning to House [From.GetOnlyDynastyName]'s enemies.' The pain is agonising, death cannot come soon enough....;"La porte de votre cellule s'ouvre, et le geôlier s'avance en souriant méchamment. Il a amené plusieurs lames rouillées mais mortellement acérées et dit ""[From.GetTitledFirstName] a ordonné que vous soyez écorché vif, comme avertissement aux ennemis de la Maison [From.GetOnlyDynastyName]."" La douleur est atroce, la mort ne saurait tarder...";;;La puerta de tu celda húmeda se abre, y el carcelero entra con una sonrisa maliciosa en su rostro. Trae consigo un conjunto de cuchillas oxidadas, pero muy afiladas y dice '[From.GetTitledFirstName] ha ordenado desollarte vivo como advertencia para los enemigos de los [From.GetOnlyDynastyName]. El dolor es atroz, la muerte está tardando mucho en llegar...;;;;;;;;;x;;;;
EVTOPTA50029;No! give me a clean death!;Non ! Donnez-moi une mort propre !;;;¡No! dame una muerte limpia!;;;;;;;;;x;;;;
flayed;Flayed Alive;Écorché vif;;;Desollado vivo;;;;;;;;;x;;;;
flayed_desc;This character met their end by being flayed alive, a most agonising torture;Ce personnage a fini écorché vif, une torture atroce.;;;Este personaje fue desollado vivo, una tortura atroz.;;;;;;;;;x;;;;
EVTDESC5000028;You have had the young [FromFrom.GetFirstNameWithDynasty] flayed alive, does your cruelty know no bounds?;Vous avez fait écorcher le jeune [FromFrom.GetFirstNameWithDynasty]. Votre cruauté serait-elle donc sans limite ?;;;Has desollado a [From.GetFirstNameWithDynasty] vivo. ¿Tu crueldad no tienen límites?;;;;;;;;;x;;;;
EVTOPTA5000028;Even children are not safe from my justice;Même les enfants ne sont pas à l'abri de ma justice.;;;Incluso los niños no están a salvo de mi justicia;;;;;;;;;x;;;;
EVTDESC50030;You have decreed [FromFrom.GetTitledFirstName] is to be sacrificed to the Drowned God, who will surely bless us. We tethered [FromFrom.GetHerHim] to the beach at low tide and let the sea slowly wash over [FromFrom.GetHerHim]. The prisoner struggled and pleaded, but in vain, the Drowned God took his due.;Vous avez décrété que [From.GetTitledFirstName] devait être sacrifié au Dieu Noyé, qu'il nous bénira sûrement. Nous l'avons attaché(e) sur la plage à marée basse pour laisser l'eau l'emporter lentement. Le prisonnier a longuement lutté et imploré, mais en vain, le Dieu Noyé a pris ce qui lui était dû. ;;;Ordenaste que [From.GetTitledFirstName] debía ser sacrificado al Dios Ahogado. Lo atamos en la playa durante la marea baja y dejamos que el mar se lo llevará lentamente. El prisionero luchó ferozmente e imploró en vano, el Dios Ahogado tomó lo que le fue dado.;;;;;;;;;x;;;;
EVTOPTA50030;What is dead may never die;Ce qui est mort ne saurait mourir !;;;Lo que está muerto no puede morir;;;;;;;;;x;;;;
EVTDESC50031;The followers of the Drowned God are merciless. [From.GetTitledFirstName], a staunch believer, has decreed you are to be tethered to the shore at low tide. You writh and struggle as the sea water gradually approaches and slowly submerges you. Your panic is only ceased when you finally take breath and let the sea water fill your lungs...;Les adeptes du Dieu Noyé sont sans pitié. [FromFrom.GetTitledFirstName], un croyant dévoué, a décrété que vous alliez être attaché sur le rivage à marée basse. Vous vous débattez et luttez alors que la mer approche et vous submerge lentement. Votre panique ne cesse que lorsque vous inspirez laissant l'eau emplir vos poumons.;;;Los seguidores del Dios Ahogado son despiadados. [FromFrom.GetTitledFirstName], un creyente acérrimo, ha decretado que debes ser atado a la orilla con marea baja. Luchas ferozmente e imploras en vano mientras ves como el agua se acerca poco a poco y te vas sumergiendo lentamente. Tu pánico sólo cesa cuando el agua de mar llena tus pulmones...;;;;;;;;;x;;;;
EVTOPTA50031;I have been sacrificed!;J'ai été sacrifié(e) !;;;He sido sacrificado!;;;;;;;;;x;;;;
EVTDESC50032;In the High Hall of the Eyrie is a narrow wierwood door flanked by two slender pillars named the Moon Door, behind which lies nothing but six hundred feet of air. The condemned [FromFrom.GetTitledName] is brought before the door and thrown from it to [FromFrom.GetHerHis] death.;Dans la Grande Salle des Eyrié se trouve une porte en barral entre deux fins piliers, appelée la Porte de la Lune. Derrière cette porte, rien d'autre que six cents pieds de vide, peut-être le condamné devrait-il être jeté par cette porte ?;;;En la Sala Alta del Nido de Águilas hay una estrecha puerta blanca de madera de arciano flanqueada por dos esbeltas columnas llamada la Puerta de la Luna. Detrás de esta puerta no hay nada más que seiscientos pies de aire, tal vez deberíamos arrojar al condenado [From.GetTitledName] por esta puerta?;;;;;;;;;x;;;;
EVTOPTA50032;I want to see [From.GetHerHim] fly!;Je veux le(a) voir voler !;;;Quiero ver[From.GetHerHim] volar!;;;;;;;;;x;;;;
EVTOPTB50032;No, I will give [From.GetHerHim] a quick death;Non, je lui donnerai une mort rapide.;;;No, le daré una muerte rápida.;;;;;;;;;x;;;;
EVTDESC50033;In your sky cell you have been waiting to face your fate. The goaler finally drags you to the High Hall of the Eyrie where [From.GetTitledFirstName] sits high upon [From.GetHerHis] wierwood chair. [From.GetSheHeCap] merely nods and the moon door opens to reveal nought but six hundred feet of air. The guards fling you through it as you feel your bowels release, the ground races towards you until finally no air remains...;Dans votre cellule céleste, vous avez attendu votre destin. Le geôlier vous traîne finalement dans la Grande Salle des Eyrié où [FromFrom.GetTitledFirstName] siège sur son trône en barral. [FromFrom.GetSheHeCap] acquiesce et la porte de la lune s'ouvre pour révéler six cents pieds de vide. Les gardes vous y jettent alors que vous sentez vos boyaux se relâcher, la terre ferme se précipite devant vous jusqu'à ce que le vide s'achève.;;;Has estado esperando tu destino en la celda del cielo. Al fin, tu carcelero, te lleva a la Sala Alta del Nido de Águilas donde [FromFrom.GetTitledFirstName] se encuentra en su trono de arciano blanco. [FromFrom.GetSheHeCap] asiente con la cabeza y la puerta de la luna se abre y revela 600 pies de vacío. Los guardias te tiran al vacío y sientes que tus intestinos se vacían. Te precipitas hacia la tierra firme hasta que el vacío se acaba...;;;;;;;;;x;;;;
EVTOPTA50033;It seems I cannot fly....;Il semble qu'il ne sait pas voler…;;;Parece que no sabe volar...;;;;;;;;;x;;;;
EVTDESC50034;In the North it is said that he who passes the sentence must swing the sword, so should [FromFrom.GetTitledName] recieve [FromFrom.GetHerHis] sentence from me?;Dans le Nord, il se dit que celui qui prononce la sentence doit abattre l'épée, alors, dois-je exécuter moi-même [From.GetTitledName] ?;;;En el Norte, se dice que el que dicta la sentencia debe blandir la espada, debería ejecutar yo mismo a [From.GetTitledName]?;;;;;;;;;x;;;;
EVTOPTA50034;Yes, it is the old way;Oui, c'est l'ancienne voie.;;;Sí, es la tradición;;;;;;;;;x;;;;
EVTOPTB50034;That is too gruesome for me;C'est trop horrible pour moi.;;;Es demasiado horrible para mí;;;;;;;;;x;;;;
EVTTOOLTIP50033;shall be flung from the moon door\n;doit être jeté par la porte de la lune\n;;;será arrojado por la puerta de la luna\n;;;;;;;;;x;;;;
EVTTOOLTIP50035;shall be beheaded by you\n;doit être décapité par vous\n;;;será decapitado por ti mismo\n;;;;;;;;;x;;;;
TOOLTIPexperienced_beheader;You will become an experienced headsman, no longer fazed by your duty\n;Vous deviendrez un chef expérimenté, plus jamais intimidé par son devoir\n;;;Te convertirás en un verdugo con experiencia, cumplirás con tu deber sin inmutarte\n;;;;;;;;;x;;;;
opinion_flayed_kin;Flayed My Kinsman Alive;A écorché vif un de mes parents;;;Desolló vivo a un pariente;;;;;;;;;x;;;;
opinion_flayed_lover;Flayed My Lover Alive;A écorché vif mon amant(e);;;Desolló viva a mi amante;;;;;;;;;x;;;;
opinion_flayed_friend;Flayed My Friend Alive;A écorché vif mon ami(e);;;Desolló vivo a mi amigo;;;;;;;;;x;;;;
opinion_flayed_child;Flayed Child Alive;A écorché vif un enfant;;;Desolló vivo a un niño;;;;;;;;;x;;;;
weirwood_decision;Sacrifice to Weirwood.;Sacrifier au barral.;;;Ejecutar a [Root.GetTitledFirstName] enfrente del Arciano.;;;;;;;;;x;;;;
weirwood_decision_desc;If we are to execute [Root.GetTitledFirstNameWithDynastyAndTitleNoRegnal], we should take him to the Weirwood and slit his throat in front of it as an offering to the Old Gods.;Si nous exécutons [Root.GetTitledFirstNameWithDynastyAndTitleNoRegnal], nous devrions l'amener devant le barral pour lui trancher la gorge. Ce sera une offrande aux Anciens Dieux.;;;Si vamos a ejecutar a [Root.GetTitledFirstNameWithDynastyAndTitleNoRegnal], deberíamos llevarlo enfrente del Arciano y cortarle el cuello delante de él como una ofrenda a los Antiguos Dioses.;;;;;;;;;x;;;;
EVTDESC50036;You have decreed [From.GetTitledFirstName] is to be sacrificed to the Old Gods, who will surely bless us. We dragged [From.GetHerHim] to the Weirwood Tree and slit his throat.;Vous avez décrété que [From.GetTitledFirstName] serait sacrifié aux Anciens Dieux pour obtenir leur bénédiction en retour. Nous l'avons mené devant le barral avant de lui couper la gorge.;;;Has decretado que [From.GetTitledFirstName] sea sacrificado a los Dioses Antiguos. Arrastras a [From.GetHerHim] al Arciano y le cortas la garganta.;;;;;;;;;x;;;;
EVTOPTA50036;It shall be done;Cela doit être fait.;;;Así se hará;;;;;;;;;x;;;;
EVTDESC50037;The followers of Old Gods can be brutal. [FromFrom.GetTitledFirstName], a godly man, has decreed you are to be sacrificed in front of a Weirwood Tree for the Old Gods.  You are dragged into the clearing kicking and screaming and forced to kneel in front of the great white tree with red leaves as your throat is slit.;Les fidèles des Anciens Dieux peuvent être brutaux. [FromFrom.GetTitledFirstName], un homme pieux, a décrété que vous deviez être sacrifié devant un barral des Anciens Dieux. Vous criez, vous vous débattez, mais on vous traîne de force avant de vous obliger à vous agenouiller devant le grand arbre blanc. Les yeux du barral vous scrutent alors qu'on vous ouvre la gorge.;;;Los fieles de los Antiguos dioses pueden ser brutales. [FromFrom.GetTitledFirstName], un hombre piadoso, ha decretado que debes ser sacrificado frente un Arciano de los Dioses Antiguos. Te arrastran hacia el árbol pateando y gritando y te obligan a arrodillarte delante del gran árbol blanco con hojas de color rojo, una vez allí notas como tu garganta se corta...;;;;;;;;;x;;;;
EVTOPTA50037;I have been sacrificed!;J'ai été sacrifié(e) !;;;He sido sacrificado!;;;;;;;;;x;;;;
crucified;Crucified;Crucifié(e);;;Crucificado;;;;;;;;;x;;;;
crucified_desc;This character was hung from the cross and left to die;Ce personnage a été cloué à une croix, puis on l'a laissé mourir.;;;Este personaje fue colgado en una cruz y dejado morir.;;;;;;;;;x;;;;
EVTDESC50054;The condemned prisoner [FromFrom.GetTitledFirstName] is brought outside where [FromFrom.GetSheHe] is lain on a cross. [FromFrom.GetSheHeCap] screams as your jailors nail [FromFrom.GetHerHim] to the wood and hang [FromFrom.GetHerHim] outside in the sun, where [FromFrom.GetSheHe] will die an agonising death.;Voulez-vous clouer votre prisonnier à une croix et le laisser plusieurs jours au soleil pour qu'il décède ?;;;Quieres dejar a tu prisionero en una cruz y dejarlo varios días al sol hasta que muera?;;;;;;;;;x;;;;
EVTOPTA50054;Yes, this will stand as a warning;Oui, voilà un bel avertissement.;;;Sí, servirá como advertencia;;;;;;;;;x;;;;
EVTOPTB50054;I shall give a merciful death;Je préfère lui donner une mort plus propre et rapide.;;;Prefiero darle una muerte limpia y rápida.;;;;;;;;;x;;;;
EVTDESC50055;Your gaoler comes in and puts a bag over your head before dragging you out into the sun, he removes the bag hangs you up onto a cross and before you know what is happening you feel pain in your hands and feet as nails are hammered into them. As you look up the man turns his back and walks away whilst you hang there in the sun.;Votre geôlier pénètre dans votre cellule, vous met un sac sur la tête puis vous tire dehors, sous le soleil. Il enlève le sac puis cloue vos mains et vos pieds sur une croix, la douleur est insupportable. La croix est rapidement dressée et l'homme s'en va, vous laissant là, torturé par les morsures du soleil.;;;Tu carcelero entra en tu celda, te pone una bolsa en la cabeza y te tira al suelo bajo el sol. Te quita la bolsa y te clava los pies y las manos a una cruz, el dolor es insoportable. Levanta la cruz y el hombre se aleja, dejándote allí colgado acompañado únicamente por el sol...;;;;;;;;;x;;;;
EVTOPTA50055;You aren't just going to leave me here... right?;Vous n'allez tout de même pas me laisser là comme ça ? Non ?...;;;No me irás a dejar de esta manera...no?;;;;;;;;;x;;;;
snu_snu;Snu Snu;Sexuellement torturé;;;Torturado sexualmente;;;;;;;;;x;;;;
snu_snu_desc;This character died by Snu Snu;Ce personnage est mort d'avoir été violé à mort;;;Este personaje murió por haber sido violado hasta la muerte.;;;;;;;;;x;;;;
EVTDESC50056;You have many of the women go to your prisoner [FromFrom.GetTitledFirstName] and engage in the sacred act of Snu Snu. A harsh punishment yet effective.;Voulez-vous que de nombreuses femmes rendent visites à votre prisonnier pour le violer jusqu'à ce que mort s'ensuive ? Une dure punition mais efficace.;;;Quieres que numerosas mujeres visiten al prisionero para violarlo hasta la muerte? Un duro castigo, pero eficaz.;;;;;;;;;x;;;;
EVTOPTA50056;None will withstand the Snu Snu!;Une mise à mort originale !;;;Nadie resiste ese ritmo.. ;;;;;;;;;x;;;;
EVTOPTB50056;He can have a merciful death...;Il peut avoir une meilleure mort…;;;Podría tener una mejor muerte.;;;;;;;;;x;;;;
EVTDESC50057;In the middle of the night many women enter your cell and declare thy will engage in Snu Snu with you, initially you are fearful until you discover what the act of Snu Snu entails... the night is full of activity but in the end of it…;"Au milieu de la nuit, de nombreuses femmes pénètrent dans votre cellule et annoncent qu'elles vont vous violer jusqu'à ce que mort s'ensuive. Au départ cela vous semble la meilleure des morts, mais après quelques heures ""d'activités""…";;;A medianoche, numerosas doncellas entran en tu celda mirándote fijamente y riéndose entre ellas. Al principio tienes miedo hasta que descubres lo que van a hacer contigo... Que esta noche no acabe nunca...;;;;;;;;;x;;;;
EVTOPTA50057;Your heart gives out... a lovely way to die...;Votre cœur finit par lâcher… Une belle mort diront certains.;;;Tu corazón dejó de funcionar...Una bella muerte dirán algunos.;;;;;;;;;x;;;;
burned_alive;Burned Alive;Brûlé(e) vif;;;Quemado vivo;;;;;;;;;x;;;;
burned_alive_desc;This character died by being burned alive, a painful way to die.;Ce personnage a été brûlé vif, une mort des plus douloureuses.;;;Este pernosaje ha sido quemado vivo, una de las muertes más dolorosas.;;;;;;;;;x;;;;
thrown_out_moon_door;Thrown out of the Moon Door;Jeté(e) par la porte de la Lune;;;Arrojado por la Puerta de la Luna;;;;;;;;;x;;;;
thrown_out_moon_door_desc;This character was executed by being thrown out of the Moon Door in the Eyrie, flying through the air and finally meeting their end at the ground.;"Ce personnage a été précipité dans le vide par la porte de la Lune aux Eyrié. Après avoir ""volé"", il s'est écrasé plusieurs centaines de mètres plus bas.";;;Este personaje fue arrojado vivo por la Puerta de la Luna del Nido de Águilas. ;;;;;;;;;x;;;;
black_goat_decision;Sacrifice to the Black Goat.;Sacrifier à la Chèvre Noire.;;;Sacrificio a la Cabra Negra.;;;;;;;;;x;;;;
black_goat_decision_desc;If we are to execute [Root.GetTitledFirstNameWithDynastyAndTitleNoRegnal], we should take him to the Temple and slit his throat in the autel as an offering to the Black Goat.;Si nous exécutons [Root.GetTitledFirstNameWithDynastyAndTitleNoRegnal], nous devrions l'emmener dans le temple et lui trancher la gorge sur l'autel pour l'offrir en sacrifice à la Chèvre Noir.;;;Si vamos a ejecutar a [Root.GetTitledFirstNameWithDynastyAndTitleNoRegnal], deberíamos llevarlo al Templo y degollarlo en el altar como una ofrenda a la Cabra Negra.;;;;;;;;;x;;;;
EVTDESC50038;You have decreed [From.GetTitledFirstName] is to be sacrificed to the Black Goat, who will surely bless us. We dragged [From.GetHerHim] to the altar and slit his throat.;Vous avez décidé que [From.GetTitledFirstName] serait sacrifié à la Chèvre Noire, qui nous bénira sûrement en retour. Nous l'avons emmené jusqu'à l'autel avant de lui trancher la gorge.;;;Has decretado que [From.GetTitledFirstName] sea sacrificado a la Cabra Negra, quien nos bendecirá por ello. Lo arrastramos al altar y lo degollamos.;;;;;;;;;x;;;;
EVTOPTA50038;It shall be done;Cela doit être fait.;;;Así se hará;;;;;;;;;x;;;;
EVTDESC50039;The Black Goat is a dark and terrible deity. [FromFrom.GetTitledFirstName], a pious man, has decreed your blood is to be spilled as a sacrifice to the Black Goat.  You are dragged into the temple and placed on the bloodstained altar where your throat is slit.;La Chèvre Noire est une sombre et terrible divinité. [FromFrom.GetTitledFirstName], un homme pieux, a décidé que votre sang serait versé en sacrifice à la Chèvre Noire. Vous êtes emmené jusqu'au temple et au sanglant autel où on vous tranche la gorge.;;;La Cabra Negra es una deidad oscura y terrible. [FromFrom.GetTitledFirstName], un hombre piadoso, ha decretado que tu sangre debe ser derramada como sacrificio a la Cabra Negra. Te arrastran hacia el templo y te colocan en un altar manchado de sangre donde te corta la garganta.;;;;;;;;;x;;;;
EVTOPTA50039;I have been sacrificed!;J'ai été sacrifié(e) !;;;He sido sacrificado!;;;;;;;;;x;;;;
hyrkoon_sacrifice_decision;Sacrifice to the Gods;Sacrifier aux Dieux;;;Sacrificio a los Dioses;;;;;;;;;x;;;;
hyrkoon_sacrifice_decision_desc;If we are to execute [Root.GetTitledFirstNameWithDynastyAndTitleNoRegnal], we should do so as an offering to the Gods.;Si nous voulons exécuter [Root.GetTitledFirstNameWithDynastyAndTitleNoRegnal], nous pourrions le faire en tant qu'offrande aux dieux.;;;Si vamos a ejecutar a [Root.GetTitledFirstNameWithDynastyAndTitleNoRegnal], deberíamos hacerlo como una ofrenda a los Dioses.;;;;;;;;;x;;;;
EVTDESC50058;[FromFrom.GetTitledFirstNameWithDynasty] is brought before you for [FromFrom.GetHerHis] execution, and you proceed to strangle [FromFrom.GetHerHim] to death with your bare hands.;[From.GetTitledFirstNameWithDynasty] est amené devant vous pour être exécuté, peut-être devriez-vous l'étrangler de vos propres mains ? ;;;[From.GetTitledFirstNameWithDynasty] es traído ante ti para su ejecución, tal vez debería estrangularlo con mis propias manos?;;;;;;;;;x;;;;
EVTDESC50058B;[FromFrom.GetTitledFirstNameWithDynasty] is brought before you for [FromFrom.GetHerHis] execution. [FromFrom.GetHerHisCap] mother [FromFrom.Mother.GetTitledFirstName] is here as well, so that you can make her watch as you strangle her [FromFrom.GetSonDaughter] to death with your bare hands.;[From.GetTitledFirstNameWithDynasty] est amené devant vous pour être exécuté, peut-être devriez-vous également faire venir sa mère [From.Mother.GetTitledFirstName], pour qu'elle puisse vous regarder l'étrangler ?;;;[From.GetTitledFirstNameWithDynasty] es traído ante ti para su ejecución. Tal vez debería traer a su madre [From.Mother.GetTitledFirstName] para que observe como estrangulo a su hijo con mis propias manos?;;;;;;;;;x;;;;
EVTDESC50058C;[FromFrom.GetTitledFirstNameWithDynasty] is brought before you for [FromFrom.GetHerHis] execution. [FromFrom.GetHerHisCap] father [FromFrom.Father.GetTitledFirstName] is here as well, so that you can make her watch as you strangle his [FromFrom.GetSonDaughter] to death with your bare hands.;[From.GetTitledFirstNameWithDynasty] est amené devant vous pour être exécuté, peut-être devriez-vous également faire venir son père [From.Father.GetTitledFirstName] pour qu'il puisse vous regarder l'étrangler ?;;;[From.GetTitledFirstNameWithDynasty] es traído ante ti para su ejecución. Tal vez debería traer a su padre [From.Father.GetTitledFirstName] para que pueda ver como estrangulo a su hijo con mis propias manos?;;;;;;;;;x;;;;
EVTDESC50058D;[FromFrom.GetTitledFirstNameWithDynasty] is brought before you for [FromFrom.GetHerHis] execution. [FromFrom.GetHerHisCap] children are here as well, so that you can make them watch as you strangle their [FromFrom.GetFatherMother] to death with your bare hands.;[From.GetTitledFirstNameWithDynasty] est amené devant vous pour être exécuté, peut-être devriez-vous également faire venir ses enfants pour qu'ils puissent vous regarder l'étrangler ?;;;[From.GetTitledFirstNameWithDynasty] es traído ante ti para su ejecución. Tal vez debería traer a sus hijos para que me vean estrangular a su padre con mis propias manos?;;;;;;;;;x;;;;
EVTDESC50058E;[FromFrom.GetTitledFirstNameWithDynasty] is brought before you for [FromFrom.GetHerHis] execution. [FromFrom.GetHerHisCap] mother [FromFrom.Mother.GetTitledFirstName] is here as well and, although she cannot see, you make her listen as you strangle her [FromFrom.GetSonDaughter] to death with your bare hands.;[From.GetTitledFirstNameWithDynasty] est amené devant vous pour être exécuté, peut-être devriez-vous également faire venir sa mère [From.Mother.GetTitledFirstName], pour qu'elle puisse vous regarder l'étrangler ?;;;[From.GetTitledFirstNameWithDynasty] es traído ante ti para su ejecución. Tal vez debería traer a su madre [From.Mother.GetTitledFirstName] para que observe como estrangulo a su hijo con mis propias manos?;;;;;;;;;x;;;;
EVTDESC50058F;[FromFrom.GetTitledFirstNameWithDynasty] is brought before you for [FromFrom.GetHerHis] execution. [FromFrom.GetHerHisCap] father [FromFrom.Father.GetTitledFirstName] is here as well and, although he cannot see, you make him listen as you strangle his [FromFrom.GetSonDaughter] to death with your bare hands.;[From.GetTitledFirstNameWithDynasty] est amené devant vous pour être exécuté, peut-être devriez-vous également faire venir sa mère [From.Mother.GetTitledFirstName], pour qu'elle puisse vous regarder l'étrangler ?;;;[From.GetTitledFirstNameWithDynasty] es traído ante ti para su ejecución. Tal vez debería traer a su madre [From.Mother.GetTitledFirstName] para que observe como estrangulo a su hijo con mis propias manos?;;;;;;;;;x;;;;
EVTOPTA50058;Yes, I shall squeeze the life from [FromFrom.GetHerHim]!;Oui, je vais lui prendre la vie !;;;Sí, estrujaré su vida!;;;;;;;;;x;;;;
EVTOPTB50058;That is a barbaric notion;Voilà qui est bien barbare.;;;Esa es una idea bárbara;;;;;;;;;x;;;;
EVTDESC50059;[From.GetTitledFirstNameWithDynasty] has had your [FromFrom.GetRootRelation] [FromFrom.GetTitledFirstName] executed. You are made to watch as [From.GetSheHe] strangles poor [FromFrom.GetFirstName] to death with [From.GetHerHis] bare hands.;[From.GetTitledFirstNameWithDynasty] a fait exécuter votre [FromFrom.GetRootRelation] [FromFrom.GetTitledFirstName]. On vous a forcé à regarder tandis qu'[From.GetSheHe] étranglait le(a) pauvre [FromFrom.GetFirstName].;;;[From.GetTitledFirstNameWithDynasty] ha ejecutado a tu [FromFrom.GetRootRelation] [FromFrom.GetTitledFirstName]. Te hace ver como estrangula a [FromFrom.GetFirstName] con sus manos desnudas.;;;;;;;;;x;;;;
EVTOPTA50059;This is barbaric!;Quelle barbarie !;;;Esto es una barbarie!;;;;;;;;;x;;;;
death_eaten;Cannibalised;Mangé par des cannibales;;;Comido por caníbales;;;;;;;;;;;;x;
death_eaten_desc;This character was put to death and then eaten by his cannibal killers for their supper.;Ce personnage a été mis à mort puis mangé par ses assassins cannibales à leur souper.;;;Este personaje fue asesinado y luego comido por caníbales que hicieron de el su cena.;;;;;;;;;;;;x;
EVTDESCwildling.66;[FromFrom.GetTitledFirstNameWithDynasty] is ritually slain, and then roasted over a fire so [FromFrom.GetSheHe] can be eaten with your fellow clansmen!;Voulez-vous exécuter ce(tte) prisonnier(e), puis vous régaler de ses restes avec ceux de votre clan ?;;;[FromFrom.GetTitledFirstNameWithDynasty] es asesinado en un ritual, y luego asado sobre el fuego para poder ser comido con tus compañeros del clan!;;;;;;;;;;;;x;
EVTDESCwildling.66B;[FromFrom.GetTitledFirstNameWithDynasty] is ritually slain, and then you proceed to gorge on [FromFrom.GetherHis] remains! You will have enough raw meat to last many days!;Voulez-vous exécuter ce(tte) prisonnier(e), puis vous régaler de ses restes ?;;;[De From.GetTitledFirstNameWith Dynasty] es asesinado en un ritual, y luego procedes a atiborrarte! ¡Tendrás suficiente carne cruda para durar muchos días!;;;;;;;;;;;;x;
EVTOPTAwildling.66;A [FromFrom.Culture.GetName] will be delicious!;Oui, un [From.Culture.GetName] serait délicieux !;;;![FromFrom.Culture.GetName] será delicioso!;;;;;;;;;;;;x;
EVTDESCwildling.67;[From.GetTitledFirstName] comes to your cell and brings you to be excuted, along the way informing how [From.GetSheHe] and the rest of [From.GetHerHis] clan will cook up and feast on your remains for their supper...;[From.GetTitledFirstName] se rend à votre cellule et vous emmène pour être exécuté(e), en vous racontant le long du chemin comment, avec ceux de son clan, l'on va vous faire cuire et festoyer de vos restes pour leur souper …;;;[From.GetTitledFirstName] llega a tu celda y se te lleva, a lo largo del camino te informa de cómo te cocinarán el y su clan y se deleitarán con tu carne para su cena.;;;;;;;;;x;;;;
EVTOPTAwildling.67;How demeaning...;Quel avilissement !;;;¡Qué degradación!;;;;;;;;;;;;x;
EVTOPTBwildling.67;Who cares... I'll be dead anyway...;Quelle importance…  Je serai mort(e) de toute façon...;;;A quién le importa... de todos modos voy a estar muerto (a);;;;;;;;;;;;x;
EVTDESCwildling.68;[From.GetTitledFirstName] and [From.GetHerHis] clansmen have executed your [FromFrom.GetRootRelation] and then feasted on [FromFrom.GetHerHis] remains for their supper...;[From.GetTitledFirstName] et son clan ont exécuté votre [FromFrom.GetRootRelation] et festoyé avec ses restes pour leur souper...;;;Los miembros del clan [From.GetTitledFirstName] han ejecutado a [FromFrom.GetRootRelation] y luego se han deleitado con su carne...;;;;;;;;;;;;x;
EVTOPTAwildling.68;How disgusting!;Quelle horreur!;;;¡Qué asco!;;;;;;;;;;;;x;
DEATH_BATTLE_RAIDING;gloriously died in battle whilst raiding by $KILLER$;est mort glorieusement au combat lors d'un raid mené par $KILLER$;;;gloriosamente murió en la batalla mientras asaltaba por $KILLER$;;;;;;;;;;;;x;
DEATH_BATTLE_RAIDING_NO_KILLER;gloriously died in battle whilst raiding;mort glorieusement au combat lors d'un raid;;;gloriosamente murió en la batalla mientras asaltaba;;;;;;;;;;;;x;
DEATH_TOURNEY_JOUST;was unfortunately killed in a tourney joust by $KILLER$;a été malheureusement tué(e) lors d'une joute dans un tournoi par $KILLER$;;;desafortunadamente fue asesinado (a) en una justa de torneo por $KILLER$;;;;;;;;;;;;x;
DEATH_TOURNEY_JOUST_NO_KILLER;was unfortunately killed in a tourney joust;a été malheureusement tué(e) lors d'une joute dans un tournoi;;;desafortunadamente fue asesinado (a) en una justa de torneo;;;;;;;;;;;;x;
DEATH_BANDITS;was killed by bandits;a été tué(e) par des bandits;;;fue asesinado (a) por un bandido;;;;;;;;;;;;x;
DEATH_STILLBORN;died stillborn;était mort-né(e);;;nació muerto;;;;;;;;;;;;x;
DEATH_SOLD_SLAVE;was sold to an unknown slave trader;a été vendu(e) à un marchand d'esclave inconnu;;;fue vendido (a) a un comerciante de esclavos desconocido;;;;;;;;;;;;x;
DEATH_DRAGON;was killed by the dragon $KILLER$;a été tué(e) par le dragon $KILLER$;;;fue asesinado (a) por el dragón $KILLER$;;;;;;;;;;;;x;
DEATH_DRAGON_NO_KILLER;was killed by a dragon;a été tué(e) par un dragon;;;fue asesinado (a) por un dragón;;;;;;;;;;;;x;
DEATH_BATTLE_DRAGON_FIRE;was killed by $KILLER$'s dragon;a été tué(e) par le dragon de $KILLER$;;;fue asesinado (a) por el dragón de $KILLER$;;;;;;;;;;;;x;
DEATH_BATTLE_DRAGON_FIRE_NO_KILLER;was killed by a dragon rider;a été tué(e) par un chevaucheur de dragon;;;fue asesinado (a) por un jinete de dragón;;;;;;;;;;;;x;
DEATH_DRAGON_DUEL;was killed by $KILLER$ in an epic dragon duel;a été tué(e) par $KILLER$ dans un duel de dragons épique;;;fue asesinado (a) por $KILLER$ en un épico duelo de dragones;;;;;;;;;;;;x;
DEATH_DRAGON_DUEL_NO_KILLER;was killed in an epic dragon duel;a été tué(e) dans un duel de dragons épique;;;fue asesinado (a) en un épico duelo de dragones;;;;;;;;;;;;x;
DEATH_ACCIDENT_FACELESS;died in an unusual accident;est décédé(e) dans un accident inhabituel;;;murió en un accidente inusual;;;;;;;;;;;;x;
DEATH_ACCIDENT_FACELESS_NO_KILLER;died in an unusual accident;est décédé(e) dans un accident inhabituel;;;murió en un accidente inusual;;;;;;;;;;;;x;
DEATH_ACCIDENT_HORSE;was tragically trampled to death by a horse;a été tragiquement et mortellement piétiné(e) par un cheval;;;fue pisoteado (a) trágicamente hasta la muerte por un caballo;;;;;;;;;;;;x;
DEATH_ACCIDENT_DRAGON_HATCHING;was burnt to death during $KILLER$'s attempt to hatch a dragon egg;a été brûlé(e) mortellement pendant la tentative de $KILLER$ pour faire éclore un oeuf de dragon;;;fue quemado (a) durante el intento de $KILLER$ de incubar un huevo de dragón;;;;;;;;;;;;x;
DEATH_ACCIDENT_DRAGON_HATCHING_NO_KILLER;was burnt to death attempting to hatch a dragon egg;a été brûlé(e) mortellement en essayant de faire éclore un oeuf de dragon;;;fue quemado (a) hasta la muerte tratando de incubar un huevo de dragón;;;;;;;;;;;;x;
DEATH_ACCIDENT_HUNTING;died in a hunting accident;est mort(e) dans un accident de chasse;;;murió en un accidente de caza;;;;;;;;;;;;x;
DEATH_ACCIDENT_WILDFIRE;was burnt to death in a wildfire accident;a été brûlé(e) mortellement par du feu grégeois;;;fue quemado (a) asta la muerte en un accidente de Fuego Valyrio;;;;;;;;;;;;x;
DEATH_ACCIDENT_WILDFIRE_NO_KILLER;was burnt to death in a wildfire accident;a été brûlé(e) mortellement par du feu grégeois;;;;;;;;;;;;x;;;;
DEATH_ACCIDENT_IRON_THRONE;was accidentally killed whilst sitting on the Iron Throne;a été tué(e) accidentellement pendant qu'il siégeait sur le trône de fer;;;fue quemado (a) asta la muerte en un accidente de Fuego valyrio;;;;;;;;;;;;x;
DEATH_ACCIDENT_WYVERN;was mauled to death by a wild wyvern;a été mis(e) en pièce par une vouivre sauvage;;;murio a machetazos por un Guiverno salvaje;;;;;;;;;;;;x;
DEATH_MURDER_SLAYED;was slayed in cold blood by $KILLER$;a été abattu(e) de sang froid par $KILLER$;;;ue asesinado (a) a sangre fría por $KILLER$;;;;;;;;;;;;x;
DEATH_MURDER_SLAYED_NO_KILLER;was slayed in cold blood;a été abattu(e) de sang froid;;;fue asesinado (a) a sangre fría;;;;;;;;;;;;x;
DEATH_MURDER_SLAYED_UNKNOWN;was slayed in cold blood by an unknown assailant;a été abattu(e) de sang froid par un assaillant inconnu;;;fue asesinado (a) a sangre fría por un agresor desconocido;;;;;;;;;;;;x;
DEATH_MURDER_SLAYED_UNKNOWN_NO_KILLER;was slayed in cold blood by an unknown assailant;a été abattu(e) de sang froid par un assaillant inconnu;;;fue asesinado (a) a sangre fría por un agresor desconocido;;;;;;;;;;;;x;
DEATH_MURDER_SHADOW;was slayed by a dark shadow on the orders of $KILLER$;a été abattu(e) par une ombre noire aux ordres de $KILLER$;;;fue asesinado (a) por una sombra oscura a las órdenes de $KILLER$;;;;;;;;;;;;x;
DEATH_MURDER_SHADOW_NO_KILLER;was slayed by a dark shadow;a été abattu(e) par une ombre noire;;;fue asesinado (a) por una sombra oscura;;;;;;;;;;;;x;
DEATH_MURDER_SHADOW_UNKNOWN;was murdered in mysterious circumstances;a été assassiné(e) dans de mystérieuses circonstances;;;fue asesinado (a) en misteriosas circunstancias;;;;;;;;;;;;x;
DEATH_MURDER_SHADOW_UNKNOWN_NO_KILLER;was murdered in mysterious circumstances;a été assassiné(e) dans de mystérieuses circonstances;;;fue asesinado (a) en misteriosas circunstancias;;;;;;;;;;;;x;
DEATH_SUICIDE_DRANK_WILDFIRE;died after drinking wildfire;est mort(e) après avoir bu du feu grégeois ;;;;murió después de beber Fuego Valyrio;;;;;;;;;;;;x
DEATH_SACRIFICED_ABANDONED;was abandoned to die by $KILLER$;a été abandonné(e) pour mourir par $KILLER$;;;fue abandonado (a) para morir por $KILLER$;;;;;;;;;;;;x;
DEATH_SACRIFICED_ABANDONED_NO_KILLER;was abandoned to die;a été abandonné(e) pour mourir;;;fue abandonado (a) para morir;;;;;;;;;;;;x;
DEATH_SACRIFICED_RHLLOR;was burnt alive as an offering to R'hllor by $KILLER$;a été brulé(e) vivant(e) en offande à R'hllor par $KILLER$;;;fue quemado (a) vivo como una ofrenda a R'hllor por $KILLER$;;;;;;;;;;;;x;
DEATH_SACRIFICED_RHLLOR_NO_KILLER;was burnt alive as an offering to R'hllor;a été brulé(e) vivant(e) en offande à R'hllor;;;fue quemado (a) vivo como ofrenda a R'hllor;;;;;;;;;;;;x;
DEATH_EXECUTION_DOTHRAKI_MUTILATION;was mutilated, emasculated and then burnt to death on the orders of $KILLER$;a été mutilé(e), châtré(e) (sic) puis mortellement brulé(e) sur les ordres de $KILLER$;;;fue mutilado, castrado y luego fatalmente quemado por órdenes de $KILLER$;;;;;;;;;;;;x;
DEATH_EXECUTION_DOTHRAKI_MUTILATION_NO_KILLER;was mutilated, emasculated and then burnt to death;a été mutilé(e), châtré(e) (sic) puis mortellementbrulé(e);;;fue mutilado, castrado y luego fatalmente quemado;;;;;;;;;;;;x;
DEATH_EXECUTION_DRAGON;was fed to $KILLER$'s dragon;a été donné(e) en pâture au dragon de $KILLER$;;;fue alimentado (a) al dragón de $KILLER$;;;;;;;;;;;;x;
DEATH_EXECUTION_DRAGON_NO_KILLER;was fed to a dragon;a été donné(e) en pâture à un dragon;;;fue alimentado (a) a un dragón;;;;;;;;;;;;x;
DEATH_EXECUTION_TORTURE;was tortured to death on the orders of $KILLER$;a été torturé(e) à mort sur les ordres de $KILLER$;;;fue torturado (a) hasta la muerte bajo las órdenes de $KILLER$;;;;;;;;;;;;x;
DEATH_EXECUTION_TORTURE_NO_KILLER;was tortured to death;a été torturé(e) à mort;;;fue torturado (a) hasta la muerte;;;;;;;;;;;;x;
DEATH_SACRIFICED_DROWNED;was drowned as a sacrifice to the Drowned God by $KILLER$;a été noyé(e) en sacrifice au dieu Noyé par $KILLER$;;;fue ahogado (a) como un sacrificio al Dios Ahogado por $KILLER$;;;;;;;;;;;;x;
DEATH_SACRIFICED_DROWNED_NO_KILLER;was drowned as a sacrifice to the Drowned God;a été noyé(e) en sacrifice au dieu Noyé;;;fue ahogado (a) como un sacrificio al Dios Ahogado;;;;;;;;;;;;x;
DEATH_EXECUTION_MOON_DOOR;was thrown out of the Moon Door on the orders of $KILLER$;a été précipité(e) par la porte de la Lune sur les ordres de $KILLER$;;;fue arrojado (a) a la Puerta de la Luna bajo las órdenes de $KILLER$;;;;;;;;;;;;x;
DEATH_EXECUTION_MOON_DOOR_NO_KILLER;was thrown out of the Moon Door;a été précipité(e) par la porte de la Lune;;;fue arrojado (a) a la Puerta de la Luna;;;;;;;;;;;;x;
DEATH_EXECUTION_SNU_SNU;was killed by snu snu on the orders of $KILLER$;a été tué(e) par abus sexuels sur les ordres de $KILLER$;;;fue asesinado (a) por abuso sexual bajo las órdenes de $KILLER$;;;;;;;;;;;;x;
DEATH_EXECUTION_SNU_SNU_NO_KILLER;was killed by snu snu;a été tué(e) par abus sexuels;;;fue asesinado (a) por abuso sexual;;;;;;;;;;;;x;
DEATH_EXECUTION_STRANGLE;was strangled to death by $KILLER$;a été étranglé(e) mortellement par $KILLER$;;;fue estrangulado (a) asta la muerte por $KILLER$;;;;;;;;;;;;x;
DEATH_EXECUTION_STRANGLE_NO_KILLER;was strangled to death;a été étranglé(e) jusqu'à ce que mort s'en suive;;;fue estrangulado (a) asta la muerte;;;;;;;;;;;;x;
DEATH_SICKLY_DRAGON;died sick and misshapen;est mort(e) malade et malformé(e);;;murió enfermo (a) y deforme;;;;;;;;;;;;x;
DEATH_SICKLY;died a sickly infant;est mort(e) de maladie infantile;;;murió de una enfermedad de la infancia;;;;;;;;;;;;x;
execute_decision;Execute Imprisoned;Exécute un(e) prisonnier(e);;;Ejecutar al prisionero;;;;;;;;;;;x;;
execute_decision_desc;Have [Root.GetTitledFirstNameWithDynasty] executed;A exécuté [Root.GetTitledFirstNameWithDynasty];;;Hacer que [Root.GetTitledFirstNameWithDynasty] sea ejecutado (a);;;;;;;;;;;x;;
TOOLTIP_EXECUTION_REALM_UPSET;This will upset rulers in [Root.TopLiege.PrimaryTitle.GetName]\n;Cela affectera les dirigeants de [From.TopLiege.PrimaryTitle.GetName]\n;;;Esto afectará a los líderes de [From.TopLiege.PrimaryTitle.GetName]\n;;;;;;;;;;;x;;
EVTDESCimprisoned.10;[Root.PrimaryTitle.GetFOA], [From.GetTitledFirstNameWithDynasty] has been brought from [From.GetHerHis] cell for execution. How shall [From.GetSheHe] be dispatched?;[Root.PrimaryTitle.GetFOA], [From.GetTitledFirstNameWithDynasty] a été sorti(e) de sa cellule pour être exécuté(e). Quel moyen sera-t-il employé ?;;;[Root.PrimaryTitle.GetFOA], [From.GetTitledFirstNameWithDynasty] a sido traído (a) de la celda para su ejecución. ¿Cómo se le Ejecutará?;;;;;;;;;;;x;;
EVTOPTAimprisoned.10;[From.GetSheHeCap] will be beheaded;[From.GetSheHeCap] sera décapité(e);;;[From.GetSheHeCap] será decapitado (a);;;;;;;;;;;;x;
EVTOPTBimprisoned.10;Have [From.GetHerHim] hanged;Qu'on [From.GetHerHim] pende !;;;Lo (a) ahorcaremos;;;;;;;;;;;;x;
EVTOPTCimprisoned.10;Burn [From.GetHerHim]!;Brûlez-[From.GetHerHim]!;;;!Fuego!;;;;;;;;;;;;x;
EVTOPTDimprisoned.10;[From.GetSheHeCap] will be a sacrifice to [Root.Religion.GetHighGodName];[From.GetSheHeCap] sera sacrifié(e) à [Root.Religion.GetHighGodName];;;[From.GetSheHeCap] se sacrificará a [Root.Religion.GetHighGodName];;;;;;;;;;;;x;
EVTOPTEimprisoned.10;I want this defeated opponent mutilated and burnt!;Je veux que cet adversaire vaincu(e) soit mutilé(e) et brulé(e) vif(ve).;;;¡Quiero que este oponente sea mutilado (a) y quemado vivo!;;;;;;;;;;;;x;
EVTOPTFimprisoned.10;Have [From.GetHerHim] flayed alive;Faites-[From.GetHerHim] écorcher vif.;;;Haz que sea desollado (a) vivo;;;;;;;;;;;;x;
EVTOPTGimprisoned.10;Feed [From.GetHerHim] to my dragon;Donnez-[From.GetHerHim] en pâture à mon dragon;;;Alimentar a mi dragón;;;;;;;;;;;;x;
EVTOPTHimprisoned.10;[From.GetSheHeCap] will make a good meal!;On en fera un bon repas !;;;![From.GetSheHeCap] sera una buena comida!;;;;;;;;;;;;x;
EVTOPTIimprisoned.10;I want to see [From.GetHerHim] fly!;Je veux [From.GetHerHim] voir voler !;;;¡Quiero ver como vuela!;;;;;;;;;;;;x;
EVTOPTJimprisoned.10;Crucify [From.GetHerHim];Crucifiez-[From.GetHerHim];;;Crucificar;;;;;;;;;;;;x;
EVTOPTKimprisoned.10;It will be death by snu snu!;Ce sera une exécution par sexe jusqu'à ce que mort s'ensuive !;;;¡Será una ejecución de sexo hasta que no pueda mas y muera!;;;;;;;;;;;;x;
EVTOPTLimprisoned.10;I will personally strangle [From.GetHerHim] to death!;Je l'étranglerai moi-même jusqu'à la mort !;;;Lo estrangularé personalmente;;;;;;;;;;;;x;
EVTOPTMimprisoned.10;I want [From.GetHerHim] crushed to death!;Je [From.GetHerHim] veux écrabouillé(e) à mort !;;;!Quiero que muera aplastado!;;;;;;;;;;;;x;
EVTOPTNimprisoned.10;Have [From.GetHerHim] buried in hot ash;L'enterrer dans des cendres brûlantes;;;Haz que se convierta en cenizas;;;;;;;;;;;;x;
EVTOPTOimprisoned.10;[From.GetSheHeCap] will be hung, drawn and quartered;[From.GetSheHeCap] sera pendu(e), étiré(e) et écartelé(e);;;![From.GetSheHeCap] será ahorcado (a), estirado y descuartizado!;;;;;;;;;;;;x;
EVTOPTPimprisoned.10;Put [From.GetHerHim] in the bear pit!;Jetez-[From.GetHerHim] dans la fosse aux ours !;;;¡Lanzalo (a) al pozo del oso!;;;;;;;;;;;;x;
EVTOPTQimprisoned.10;Feed [From.GetHerHim] to the lions;Jetez-[From.GetHerHim] en pâture aux lions;;;Alimenta a los leones;;;;;;;;;;;;x;
EVTOPTRimprisoned.10;Make [From.GetHerHim] suffer in the snake pit;Faites- [From.GetHerHim] souffrir dans la fosse aux serpents;;;Haz que sufra en el pozo de las serpientes;;;;;;;;;;;;x;
EVTOPTSimprisoned.10;Tear [From.GetHerHis] bowels out!;Arrachez-lui les entrailles !;;;¡Arráncale los intestinos!;;;;;;;;;;;;x;
EVTOPTTimprisoned.10;Boil [From.GetHerHim] alive;Faites [From.GetHerHim] bouillir vivant(e);;;Hervirlo (a) vivo ;);;;;;;;;;;;;x
EVTOPTUimprisoned.10;I know, saw [From.GetHerHim] in half!;Je sais, tronçonnez-[From.GetHerHim] en deux !;;;!Ya sé, lo (a) cortare en dos!;;;;;;;;;;;;x;
EVTOPTVimprisoned.10;Let the hunt begin!;Et maintenant, que la chasse commence !;;;;¡Y ahora, que comience la caza!;;;;;;;;;;;;x
EVTOPTWimprisoned.10;Bury [From.GetHerHim] alive;Enterrez-[From.GetHerHim] vivant(e) !;;;Entiérralo (a) vivo;;;;;;;;;;;;x;
EVTOPTXimprisoned.10;Wall [From.GetHerHim] up in a tomb;Emmurez-[From.GetHerHim] dans une tombe;;;Entiérralo (a) en un muro;;;;;;;;;;;;x;
EVTOPTYimprisoned.10;Have [From.GetHerHim] drowned in a vat of wine;Noyez-[From.GetHerHim] dans une cuve de vin;;;Haz que se ahogue en una cuba de vino;;;;;;;;;;;;x;
EVTOPTZimprisoned.10;Impale [From.GetHerHim] slowly;Empalez-[From.GetHerHim] lentement;;;Impalelo (a) lentamente;;;;;;;;;;;;x;
EVTOPTAAimprisoned.10;[From.GetSheHeCap] will make a feast for the tigers;[From.GetSheHeCap] fera un mets de fête pour les tigres;;;[From.GetSheHeCap] hará una fiesta para los tigres;;;;;;;;;;;;x;
EVTOPTABimprisoned.10;Trample [From.GetHerHim] with elephants!;Faites-[From.GetHerHim] piétiner par les éléphants !;;;¡Arróllalo (a) con elefantes!;;;;;;;;;;;;x;
EVTOPTACimprisoned.10;Torture [From.GetHerHim] with bamboo;Torturez-[From.GetHerHim] avec des bambous;;;Torturalo (a) con bambú;;;;;;;;;;;;x;
EVTOPTADimprisoned.10;[Root.Religion.GetHighGodName] commands [From.GetSheHe] must be stoned;[Root.Religion.GetHighGodName] commande qu'[From.GetSheHe] soit lapidé(e) !;;;[Root.Religion.GetHighGodName] ordena que se coloque!;;;;;;;;;;;;x;
EVTOPTAEimprisoned.10;Have [From.GetHerHim] carved into a blood eagle;découpez [From.GetHerHim] en aigle de sang;;;Hazle la antigua tortura del Águila de sangre;;;;;;;;;;;;x;
EVTOPTAFimprisoned.10;[From.GetSheHeCap] will be trampled to death by horses;[From.GetSheHeCap] sera piétiné(e) à mort par des chevaux;;;[From.GetSheHeCap] será pisoteado hasta la muerte por los caballos;;;;;;;;;;;;x;
EVTOPTAGimprisoned.10;Break [From.GetHerHis] back;Brisez-lui le dos;;;Romper su espalda;;;;;;;;;;;;x;
EVTOPTAHimprisoned.10;Break [From.GetHerHim] on the wheel;Brisez-[From.GetHerHim] sur la roue;;;Ponlo (a) en la rueda;;;;;;;;;;;;x;
EVTOPTAIimprisoned.10;Have [From.GetHerHim] gored to death by boars;Faites-[From.GetHerHim] écorcher à mort par des sangliers;;;Haga que corra hasta la muerte por jabalíes;;;;;;;;;;;;x;
EVTOPTAJimprisoned.10;My wolf will ravage [From.GetHerHim]!;Mon loup va [From.GetHerHim] ravager !;;;!Mi lobo lo matara!;;;;;;;;;;;;x;
EVTOPTAKimprisoned.10;My shadowcat will tear [From.GetHerHim] to pieces!;Mon lynx des fumées va l'écorcher !;;;!Mi lobo te hara pedazos!;;;;;;;;;;;;x;
EVTOPTALimprisoned.10;My snowbear will make short work of [From.GetHerHim];Mon ours des neiges va [From.GetHerHim] mettre en pièces !;;;¡Mi oso de nieve te destrozara!;;;;;;;;;;;;x;
EVTOPTAMimprisoned.10;Set my direwolf upon [From.GetHerHim]!;Envoyez mon loup-garou sur [From.GetHerHim] !;;;¡Envíare a mi Lobo huargo a despedazarlo!;;;;;;;;;;;;x;
EVTOPTANimprisoned.10;Maul [From.GetHerHim] to death with my bear!;Mon ours va l'écraser !;;;Mi oso lo destrozara!;;;;;;;;;;;;x;
EVTOPTAOimprisoned.10;Feed [From.GetHerHim] to my boar!;Mon loup va [From.GetHerHim] ravager !;;;!Alimentaras a mi jabalí!;;;;;;;;;;;;x;
EVTOPTAPimprisoned.10;[From.GetSheHeCap] will make a meal for my dog!;Donnez [From.GetHerHim] à manger à mon sanglier !;;;![From.GetSheHeCap] sera comida para mi perro!;;;;;;;;;;;;x;
DEATH_EXECUTION_WOLF;was ravaged to death by $KILLER$'s wolf;a été tué(e) par un loup $TUEUR$;;;fue asesinado (a) por un lobo $KILLER$;;;;;;;;;;;;x;
DEATH_EXECUTION_WOLF_NO_KILLER;was ravaged to death by a wolf;a été tué(e) par un loup;;;fue asesinado (a) por un lobo;;;;;;;;;;;;x;
DEATH_EXECUTION_SHADOWCAT;was ravaged to death by $KILLER$'s shadowcat;a été tué(e) par un lynx des fumées $TUEUR$;;;fue asesinado (a) por un gatosombra $KILLER$;;;;;;;;;;;;x;
DEATH_EXECUTION_SHADOWCAT_NO_KILLER;was ravaged to death by a shadowcat;a été tué(e) par un a lynx des fumées;;;fue asesinado (a) por un gatosombra;;;;;;;;;;;;x;
DEATH_EXECUTION_SNOWBEAR;was mauled to death by $KILLER$'s snowbear;a été tué(e) par un ours des neiges $TUEUR$;;;fue asesinado (a) por un oso de nieve $KILLER$;;;;;;;;;;;;x;
DEATH_EXECUTION_SNOWBEAR_NO_KILLER;was mauled to death by a snowbear;a été tué(e) par un ours des neiges;;;fue asesinado (a) por un oso de nieve;;;;;;;;;;;;x;
DEATH_EXECUTION_DIREWOLF;was eaten alive by $KILLER$'s direwolf;a été dévoré(e) par un loup-garou $TUEUR$;;;fue asesinado (a) por un lobo huargo $KILLER$;;;;;;;;;;;;x;
DEATH_EXECUTION_DIREWOLF_NO_KILLER;was eaten alive by a direwolf;a été dévoré(e) par un loup-garou $TUEUR$;;;fue asesinado (a) por un lobo huargo;;;;;;;;;;;;x;
DEATH_EXECUTION_BROWNBEAR;was mauled to death by $KILLER$'s bear;a été tué(e) par un ours $TUEUR$;;;fue asesinado (a) por un oso $KILLER$;;;;;;;;;;;;x;
DEATH_EXECUTION_BROWNBEAR_NO_KILLER;was mauled to death by a bear;a été tué(e) par un ours;;;fue asesinado (a) por un oso;;;;;;;;;;;;x;
DEATH_EXECUTION_BOAR_TRAIT;was killed and eaten by $KILLER$'s boar;a été tué(e) et mangé(e) par un sanglier $TUEUR$;;;fue asesinado (a) por un jabali $KILLER$;;;;;;;;;;;;x;
DEATH_EXECUTION_BOAR_TRAIT_NO_KILLER;was killed and eaten by a boar;a été tué(e) et mangé(e) par un sanglier;;;fue asesinado (a) por un jabali;;;;;;;;;;;;x;
DEATH_EXECUTION_DOG;was killed and eaten by $KILLER$'s dog;a été tué(e) et mangé(e) par un chien $TUEUR$;;;fue asesinado (a) por un perro $KILLER$;;;;;;;;;;;;x;
DEATH_EXECUTION_DOG_NO_KILLER;was killed and eaten by a dog;a été tué(e) et mangé(e) par un chien;;;fue asesinado (a) por un perro;;;;;;;;;;;;x;
DEATH_EXECUTION_BEYOND_WALL;was banished to die in the lands beyond The Wall by $KILLER$;;;;fue desterrado (a) a morir en las tierras más allá del Muro por $KILLER$;;;;;;;;;;;;x;
DEATH_EXECUTION_BEYOND_WALL_NO_KILLER;was banished to die in the lands beyond The Wall;;;;fue desterrado (a) a morir en las tierras más allá del Muro;;;;;;;;;;;;x;
DEATH_duel_trial_by_seven;was slayed by $KILLER$ during a trial of seven;;;;fue asesinado (a) por $KILLER$ durante un juicio de los siete;;;;;;;;;;;;x;
DEATH_duel_battle;was killed in personal combat in the midst of battle by $KILLER$;;;;fue asesinado (a) por $KILLER$ en combate personal en medio de una batalla;;;;;;;;;;;;x;
DEATH_duel_trial_by_combat;was slayed by $KILLER$ during a trial by combat;;;;fue asesinado (a) por $KILLER$ durante un juicio por combate;;;;;;;;;;;;x;
DEATH_duel_melee;was killed in a melee by $KILLER$;;;;fue asesinado (a) en un combate cuerpo a cuerpo por $KILLER$;;;;;;;;;;;;x;
DEATH_duel_regency;was killed in a duel of honour for the regency by $KILLER$;;;;fue asesinado (a) en un duelo de honor por la regencia por $KILLER$;;;;;;;;;;;;x;
DEATH_duel_rogue_kg;was killed in an attempt to break their vows by $KILLER$;;;;fue asesinado (a) en un intento de romper sus votos por $KILLER$;;;;;;;;;;;;x;
DEATH_duel_vs_rogue_kg;was shockingly slain by the rogue kingsguard $KILLER$;;;;fue sorprendentemente asesinado (a) por el guarda real renegado $KILLER$;;;;;;;;;;;;x;
DEATH_duel_kingsmoot;was killed in a duel of honour during a kingsmoot by $KILLER$;;;;fue asesinado (a) en un duelo de honor durante un Asamblea de sucesión por $KILLER$;;;;;;;;;;;;x;
DEATH_duel_honour;was slayed by $KILLER$ in a duel of honour;;;;fue asesinado (a) por $KILLER$ en un duelo de honor;;;;;;;;;;;;x;
DEATH_battle_bloodrider;died a glorious death at the hands of $KILLER$ for their dead khal;;;;murió en una muerte gloriosa por $KILLER$ en la batalla por su khal;;;;;;;;;;;;x;
DEATH_battle_bloodrider_NO_KILLER;died a glorious death in battle for their dead khal;;;;murió en una muerte gloriosa en la batalla por su khal;;;;;;;;;;;;x;
death_text_excommunicated;Known to have angered the High Septon, [GetFirstName] was declared an anathema of the faith. A wicked [GetManWoman], [GetFirstName] will surely have to answer for [GetHerHis] crimes before The Seven;;;;Conocido (a) por haber enojado al Septon Supremo, [GetFirstName] fue declarado un anatema de la fe y un malvado [GetManWoman], [GetFirstName] seguramente tendrá que responder por los crímenes [GetHerHis] ante los Siete;;;;;;;;;;;;x;
death_text_kinslayer;Guilty of the most heinous crime, [GetFirstName] will be forever be known as a kinslayer. May [Religion.GetHighGodName] have mercy on [GetHerHim], for no man is so accursed as the kinslayer;;;;Culpable del crimen más atroz, [GetFirstName] siempre será conocido (a) como un Matasangre. Puede [Religion.GetHighGodName] tener piedad de el, porque ningún hombre esta tanmaldito como el Matasangre;;;;;;;;;;;;;
death_text_crazy;Unstable of mind and unpredictable, [GetHerHis] reign was marred by [GetHerHis] bouts of insanity. May [GetSheHe] finally find peace of mind with [Religion.GetHighGodName];;;;Inestable en su mente e imprevisible, su reinado de se vio empañado por episodios de locura. Que finalmente encuentre la paz mental con [Religion.GetHighGodName];;;;;;;;;;;;;
death_text_good_knight;Just and true, [GetFirstName] was a Knight of great virtue. May [GetSheHe] be forever held up as an example of a chivalrous warrior of The Seven.;;;;Justo y honrado, era un Caballero de gran virtud. Que su virtud sea ejemplo para siempre de la caballerosidad de los guerreros de Los Siete;;;;;;;;;;;;x;
death_text_virtuous;A fine example of righteousness, [GetFirstName] was known throughout the realm for [GetHerHis] virtue and honour. A truly good [GetManWoman], [GetSheHe] is with [Religion.GetHighGodName] now;;;;Un buen ejemplo de rectitud, era conocido (a) en todo el reino por su virtud y honor. Una persona realmente buena [GetManWoman], ahora esta con [Religion.GetHighGodName];;;;;;;;;;;;x;
death_text_chosen_by_rhllor;Destined to stand against the Others, [GetFirstName] was Azor Ahai reborn again, the chosen champion sent by R'hllor. Let not it be said [GetSheHe] failed, but that the darkness fled before [GetHerHim];;;;Destinado a oponerse a los Otros, fue Azor Ahai quien renació de nuevo, el campeón (a) fue enviado por R'hllor. Que no se diga que fondo, sino que la oscuridad huyo a su paso;;;;;;;;;;;;x;
death_text_perfect_specimen;A truly remarkable specimen, [GetSheHe] was blessed by [Religion.GetHighGodName] with an imposing frame, great beauty and a keen intellect. Now [GetSheHe] has passed, we may never see [GetHerHis] like again;;;;Un espécimen verdaderamente notable, fue bendecido (a) por [Religion.GetHighGodName] con una imponente, gran belleza y un intelecto agudo. Ahora que se ha ido, es posible que nunca más veamos alguien asi;;;;;;;;;;;;x;
death_text_brilliant;A brilliant [GetManWoman], [GetSheHe] ruled [PrimaryTitle.GetName] ably in every way possible. [GetSheHeCap] will be missed now that [GetSheHe] is with [Religion.GetHighGodName];;;;Un brillante [GetManWoman], gobernó [PrimaryTitle.GetName] hábilmente en todas las formas posibles. [GetSheHeCap] ahora sa ido con [Religion.GetHighGodName];;;;;;;;;;;;x;
death_text_incompetent;Not possessing of much talent, [GetHerHis] rule was marred by [GetHerHis] incompetence. Now [GetSheHe] has passed, may the [PrimaryTitle.GetPrefix] pass into more able hands;;;;No poseyendo mucho talento, el reinado se vio empañado por la incompetencia. Ahora que se ha ido, puede que  [PrimaryTitle.GetPrefix] pase a manos más capaces;;;;;;;;;;;;x;
death_text_monster;An infamous [GetManWoman], [GetFirstName] was truly a monster capable of cruel deeds and ruthless acts. [GetSheHeCap] will surely be made to answer for [GetHerHis] crimes before [Religion.GetHighGodName];;;;Una infame [GetManWoman], [GetFirstName] era realmente un monstruo capaz de actos crueles y actos despiadados. [GetSheHeCap] seguramente tendra que responder por sus crímenes ante [Religion.GetHighGodName];;;;;;;;;;;;x;
death_text_nickname;Known as [GetFirstNameWithNick], may [GetSheHe] find peace with [Religion.GetHighGodName];;;;Conocido (a) como [GetFirstNameWithNick], el encontrara la paz con [Religion.GetHighGodName];;;;;;;;;;;;x;
death_text_very_ugly;A hideous [GetManWoman], [GetSheHe] repulsed all who set their eyes upon [GetHerHim]. May [Religion.GetHighGodName] look upon [GetHerHim] more favourably.;;;;Un (a) horrible [GetManWoman], rechazó a todos los que pusieron sus ojos sobre el. La [Religion.GetHighGodName] lo mira de manera más favorable;;;;;;;;;;;;x;
death_text_very_strong;A [GetManWoman] of impressive stature, [GetFirstName]'s great strength and size made [GetHerHim] renowned throughout the realm. [GetSheHeCap] is with [Religion.GetHighGodName] now;;;;Un (a) [GetManWoman] de impresionante estatura, la gran fuerza y tamaño de [GetFirstName] hizo que fuera famoso en todo el reino. Ahora [GetSheHeCap] está con [Religion.GetHighGodName];;;;;;;;;;;;;
death_text_very_old;Robust and healthy, [GetFirstName] lived to the remarkable age of [GetAgeYears]. [GetSheHeCap] lived a full life, and is now finally with [Religion.GetHighGodName];;;;Robusto (a) y saludable, [GetFirstName] vivió hasta la notable edad de [GetAgeYears]. [GetSheHeCap] vivió una vida plena, y ahora finalmente está con [Religion.GetHighGodName];;;;;;;;;;;;x;
death_text_very_young;Lost to us far too soon, [GetFirstName] died at the age of only [GetAgeYears]. May the [GetBoyGirl] find more luck with [Religion.GetHighGodName];;;;Perdido (a) para nosotros demasiado pronto, [GetFirstName] murió a la edad de solo [GetAgeYears]. Que el [GetBoyGirl] encuentre más suerte con [Religion.GetHighGodName];;;;;;;;;;;;x;
death_text_great_warrior;One of the greatest warriors of our time, [GetFirstName]'s ability as a commander and swords[GetManWoman] were famed throughout the realm. Now [GetSheHe] has passed, we may never see [GetHerHis] like again;;;;Uno (a) de los mejores guerreros de nuestro tiempo, la habilidad de [GetFirstName] como comandante y espachin de [GetManWoman] eran famosas en todo el reino. Ahora que se ha ido, es posible que nunca más veamos alguien asi;;;;;;;;;;;;x;
death_text_kingsguard;Ever faithful to the [Liege.GetTitle], [GetFirstName] served on the Kingsguard until [GetHerHis] death. May the White Book record [GetHerHis] many great deeds;;;;Siempre fiel al [Liege.GetTitle], [GetFirstName] servido de la Guardia Real hasta su muerte . Que el Libro Blanco registre sus numerosas grandes obras;;;;;;;;;;;;x;
death_text_nightswatch;Ever watchful, [GetFirstName] served as a black brother of The Night's Watch until his death. [GetSheHeCap] pledged [GetHerHis] life and honor to the Night's Watch, and now [GetHerHis] watch is ended;;;;Siempre vigilante, [GetFirstName] sirvió como hermano negro de la Guardia de la Noche hasta su muerte. [GetSheHeCap] prometió dar la vida y su honor a Guardia de la Noche, y ahora su guardia ha terminado;;;;;;;;;;;;x;
death_text_tyrant;Known for disregarding the rights of [GetHerHis] subjects, [GetFirstName] was considered a tyrant. A tainted [GetManWoman], may [Religion.GetHighGodName] judge [GetHerHis] actions;;;;Conocido (a) por ignorar los derechos de la gentes, [GetFirstName] fue considerado un tirano. Un [GetManWoman] manchada, puede que haga que [Religion.GetHighGodName] juzgue sus acciones;;;;;;;;;;;;x;
death_text_dragon_rider;A [GetManWoman] famed throughout the world, [GetFirstName] was the master of a dragon, riding it into battle. [GetSheHeCap] will be missed now that [GetSheHe] is with [Religion.GetHighGodName];;;;Un (a) [GetManWoman] famoso en todo el mundo, [GetFirstName] era el maestro de un dragón, que lo montába en las batallas. [GetSheHeCap] se ha ido y ahora está con [Religion.GetHighGodName];;;;;;;;;;;;x;
death_text_dragon_slayer;Brave and cunning, [GetFirstName] is most famed for having slain a dragon. [GetSheHeCap] is with [Religion.GetHighGodName] now;;;;Valiente y astuto (a), [GetFirstName] es famoso por haber matado a un dragón. [GetSheHeCap] ahora está con [Religion.GetHighGodName];;;;;;;;;;;;x;
death_text_drowned;A godly [GetManWoman], [GetFirstName] was blessed by the Drowned God after almost drowning in salt water. [GetSheHeCap] is now with the drowned god, for what is dead may never die;;;;Un piadoso (a) [GetManWoman], [GetFirstName] fue bendecido por el Dios Ahogado después de casi ahogarse en agua salada. [GetSheHeCap] está ahora con el dios ahogado, porque lo que esta muerto no puede morir;;;;;;;;;;;;x;
death_text_liberator;A [GetManWoman] of principle, [GetFirstName] spent much of [GetHerHis] life opposing the practice of slavery. Many a freedman will remember [GetHerHim] with reverence;;;;Un [GetManWoman] de principio a fin, [GetFirstName] pasó gran parte de la vida oponiéndose a la práctica de la esclavitud. Muchos liberados recordarán su nombre con reverencia;;;;;;;;;;;;x;
death_text_dragon_dreams;A [GetManWoman] of the blood of the dragon, [GetFirstName] supposedly had prophetic dreams, often involving dragons. May these visions no longer haunt [GetHerHim] now [GetSheHe] is with [Religion.GetHighGodName];;;;[GetManWoman] tenia la sangre del dragón, [GetFirstName] supuestamente tenía sueños proféticos, a menudo con dragones. Que estas visiones ya no le persigan ahora que esta con [Religion.GetHighGodName];;;;;;;;;;;;x;
death_text_erudite;Always tolerent and understanding, [GetFirstName] had great knowledge of and sympathy for other cultures and religions. A learned [GetManWoman], [GetSheHe] is with [Religion.GetHighGodName] now;;;;Siempre tolerante y comprensivo (a), [GetFirstName] tenía gran conocimiento y simpatía por otras culturas y religiones. [GetManWoman], ahora está con [Religion.GetHighGodName];;;;;;;;;;;;x;
death_text_great_reaver;An Ironborn warrior feared throughout the world, [GetFirstName] was one of the greatest reavers of the age. May [GetSheHe] forever feast in victory with the Drowned God;;;;Un guerrero (a) de los hijos del hierro temído en todo el mundo, [GetFirstName] era uno de los mayores atracadores de la era. Que se divierta para siempre en la victoria con el Dios Ahogado;;;;;;;;;;;;x;
death_text_prestige;A prestigious [GetManWoman], [GetFirstName]'s deeds and exploits were spoken of throughout the known world. May [GetSheHe] now rest in peace with [Religion.GetHighGodName];;;;Se habla de las hazañas de un prestigioso (a) [GetManWoman], [GetFirstName] es conocido en todo el mundo conocido. Que ahora descanse en paz con [Religion.GetHighGodName];;;;;;;;;;;;x;
death_text_piety;Ever dedicated to [Religion.GetHighGodName], [GetFirstName] was a [GetManWoman] of impeccable piety. May [GetSheHe] now rest after a lifetime of serving [Religion.GetRandomGodName];;;;Siempre dedicado (a) a [Religion.GetHighGodName], [GetFirstName] era un [GetManWoman] de piedad impecable. Que ahora descanse después de una vida de servicio [Religion.GetRandomGodName];;;;;;;;;;;;x;
death_text_popular;A popular [GetManWoman], [GetFirstName] counted on many people as friend and confidant. Now [GetSheHe] is with [Religion.GetHighGodName], and will be sorely missed by many;;;;Un (a) popular [GetManWoman], [GetFirstName] contó con muchas personas como amigos y confidentes. Ahora está con [Religion.GetHighGodName], y será extrañado por muchos;;;;;;;;;;;;x;
death_text_unpopular;Never one to forgive a slight, [GetFirstName] made enemies with many people. Now [GetSheHe] is with [Religion.GetHighGodName], and will not be missed by [GetHerHis] rivals;;;;Nunca pudo perdonar un desaire, [GetFirstName] hizo enemigos con muchas personas. Ahora está con [Religion.GetHighGodName], y no se peleará con sus rivales;;;;;;;;;;;;x;
death_text_prolific;A prolific and fertile [GetManWoman], [GetFirstName] sired many children in [GetHerHis] lifetime. [GetSheHeCap] will be remembered fondly by [GetHerHis] many progeny;;;;Un (a) prolífico y fértil [GetManWoman], [GetFirstName] engendró a muchos niños en su vida. [GetSheHeCap] será recordado con cariño por sus muchos descendientes;;;;;;;;;;;;x;
death_text_barren;Rumoured to be barren, [GetFirstName] was not blessed by [Religion.GetHighGodName] with children. May [GetSheHe] find family and kinship with [Religion.GetHighGodName];;;;Se rumorea que es estéril, [GetFirstName] no fue bendecido (a) con niños. Ahora podra encontrar a su familia en [Religion.GetHighGodName];;;;;;;;;;;;x;
death_text_young;Taken from us in the prime of life, [GetFirstName] died at the age of only [GetAgeYears] years. [GetSheHeCap] will be missed now that [GetSheHe] is with [Religion.GetHighGodName];;;;Tomado (a) de nosotros en la flor de la vida, [GetFirstName] murió a la edad de solo [GetAgeYears] años. [GetSheHeCap] ahora está con [Religion.GetHighGodName];;;;;;;;;;;;x;
death_text_diplomacy;Always articulate and tactful, [GetFirstName] was known in [GetHerHis] time as an astute diplomat. A [GetManWoman] respected by all, [GetSheHe] is with [Religion.GetHighGodName] now;;;;Siempre articulado (a) y con tacto, [GetFirstName] era conocido como un astuto diplomático. [GetManWoman] era respetado por todos ahora está con [Religion.GetHighGodName];;;;;;;;;;;;x;
death_text_stewardship;A master of coin and administration, [GetFirstName] was known in [GetHerHis] time as an able steward of the realm. A [GetManWoman] of talent, [GetSheHe] is with [Religion.GetHighGodName] now;;;;;Un maestro (a) de la monedas y la administración, [GetFirstName] era conocido como un mayordomo muy capaz en el reino. [GetManWoman] tenia gran talento, ahora está con [Religion.GetHighGodName];;;;;;;;;;;;x
death_text_martial;Ever victorious on the battlefield, [GetFirstName] was known in [GetHerHis] time as an able commander and leader of men. A [GetManWoman] respected by [GetHerHis] enemies, [GetSheHe] is with [Religion.GetHighGodName] now;;;;Siempre victorioso (a) en el campo de batalla, [GetFirstName] era conocido como un comandante capaz y líder de hombres. [GetManWoman] era respetado por sus enemigos, ahora esta con [Religion.GetHighGodName];;;;;;;;;;;;x;
death_text_intrigue;Cunning and experienced at court, [GetFirstName] was known in [GetHerHis] time as an adaptable intriguer. A [GetManWoman] to be trusted, [GetSheHe] is with [Religion.GetHighGodName] now;;;;Astuto (a) y experimentado en la intriga, [GetFirstName] era conocido como un intrigante respetado. [GetManWoman] era una sombra, ahora está con [Religion.GetHighGodName];;;;;;;;;;;;x;
death_text_learning;Highly educated and intelligent, [GetFirstName] was known in [GetHerHis] time as a learned [GetManWoman]. Respected for [GetHerHis] wisdom, [GetSheHe] is with [Religion.GetHighGodName] now;;;;[GetFirstName] era altamente educado (a) e inteligente, Y [GetManWoman] es respetado por su sabiduría y ahora esta con [Religion.GetHighGodName];;;;;;;;;;;;x;
death_text_lunatic;A [GetManWoman] of unbalanced temperment, [GetFirstName] was prone to bouts of crazed lunacy. May [GetHerHis] mind find peace with [Religion.GetHighGodName] now [GetSheHe] is gone;;;;Un (a) [GetManWoman] de temperamento desequilibrado, [GetFirstName] era propenso a episodios de locura enloquecida. Que encuentre paz con [Religion.GetHighGodName] ahora que se a ido;;;;;;;;;;;;x;
death_text_drunkard;Always in [GetHerHis] cups, [GetFirstName] was a [GetManWoman] overly fond of drink. May [Religion.GetHighGodName] forgive [GetHerHis] drunkeness;;;;Siempre con su bebidas, [GetFirstName] era un (a) [GetManWoman] demasiado aficionado a la bebida. Puede que [Religion.GetHighGodName] perdone su borracheria;;;;;;;;;;;;x;
death_text_deformed;Cursed with an unfortunate deformation, [GetFirstName] had to overcome others revulsion of [GetHerHim]. May [Religion.GetHighGodName] look kindly upon [GetHerHim];;;;Maldito (a) con una desafortunada deformación, [GetFirstName] tuvo que superar la repugnancia que causaba a otros. Puede [Religion.GetHighGodName] lo mire amablemente;;;;;;;;;;;;x;
death_text_fair;An attractive [GetManWoman], [GetFirstName] was blessed with famous good looks. May [GetHerHis] good fortune continue now [GetSheHe] is with [Religion.GetHighGodName];;;;Un atractivo (a) [GetManWoman], [GetFirstName] fue bendecido con una apariencia muy hermosa. Tuvo muy buena fortuna ahora esta con [Religion.GetHighGodName];;;;;;;;;;;;x;
death_text_ugly;Difficult to lay eyes upon, [GetFirstName] was an ugly [GetManWoman]. May [Religion.GetHighGodName] look upon [GetHerHim] with sympathy;;;;Difícil de ver, [GetFirstName] era muy feo (a). [GetManWoman] puede que haora [Religion.GetHighGodName] lo mire con simpatía;;;;;;;;;;;;x;
death_text_dwarf;A [GetManWoman] of very small stature, [GetFirstName] had to forge a path restricted by ridicule of [GetHerHis] height. [GetSheHeCap] is with [Religion.GetHighGodName] now;;;;Un (a) [GetManWoman] de muy pequeña estatura, [GetFirstName] tuvo que cargar con las burlas dirigidas a lo ridículo de su altura [GetSheHeCap] ahora está con [Religion.GetHighGodName];;;;;;;;;;;;x;
death_text_genius;A natural in all [GetSheHe] attempted, [GetFirstName] had one of the keenest intellects known in the realm. A [GetManWoman] of such capability will be sorely missed;;;;Una mente brillante para todo  [GetFirstName] tenía uno de los intelectos más agudos conocidos en el reino. Un (a) [GetManWoman] de tal capacidad será extrañado;;;;;;;;;;;;x;
death_text_smart;Quick of wit and fast to learn, [GetFirstName] was a particularly able [GetManWoman]. [GetSheHeCap] is with [Religion.GetHighGodName] now;;;;Rápido (a) de ingenio y rápido al aprender, [GetFirstName] era un [GetManWoman] particularmente capaz. [GetSheHeCap] está ahora con [Religion.GetHighGodName];;;;;;;;;;;;x;
death_text_dumb;Somewhat dull, [GetFirstName] struggled with the demands placed upon [GetHerHim]. May [GetSheHe] find more wit now [GetSheHe] is with [Religion.GetHighGodName];;;;Algo aburrido (a), [GetFirstName] luchó con las demandas impuestas. Puede que encuentre más ingenio ahora que esta con [Religion.GetHighGodName];;;;;;;;;;;;x;
death_text_strong;Fit and hardy, [GetFirstName] was known for [GetHerHis] great strength. [GetSheHeCap] is with [Religion.GetHighGodName] now;;;;En forma y resistente, [GetFirstName] era conocido (a) por su gran fortaleza. [GetSheHeCap] está ahora con [Religion.GetHighGodName];;;;;;;;;;;;x;
death_text_weak;Sickly as a child, [GetFirstName]'s chronic weakness persisted throughout [GetHerHis] life. [GetSheHeCap] ruled the best [GetSheHe] could despite this;;;;Enfermizo (a) desde niño, la debilidad crónica de [GetFirstName] persistió durante toda la vida y ahora descansa en paz;;;;;;;;;;;;x;
death_text_celibate;A [GetManWoman] of resolve, [GetFirstName] abstained from all carnal pleasures. May [Religion.GetHighGodName] reward [GetHerHis] dedication;;;;Un (a) [GetManWoman] de gran resolución, [GetFirstName] se abstuvo de todos los placeres carnales. [Religion.GetHighGodName] alaba por su dedicación;;;;;;;;;;;;x;
death_text_hedonist;Always in a state of revelry, [GetFirstName] lived a full life of unabashed hedonism. [GetHerHisCap] court will no doubt miss the wild parties;;;;Siempre en estado de juerga, [GetFirstName] vivió una vida plena de descarado hedonismo. La corte de [GetHerHisCap] añorara sus salvajes fiestas;;;;;;;;;;;;x;
death_text_deceitful;A [GetManWoman] difficult to trust, [GetFirstName] was known to rule through deceptions and half-truths. [Religion.GetHighGodName] will no doubt see through [GetHerHis] deceit;;;;Un (a) [GetManWoman] difícil de confiar, se sabía que [GetFirstName] gobernaba mediante engaños y medias verdades. [Religion.GetHighGodName] sin duda verá a través de su engaño;;;;;;;;;;;;x;
death_text_honest;Always honest and true, [GetFirstName]'s subjects always knew to trust [GetHerHis] word. [GetSheHeCap] is with [Religion.GetHighGodName] now;;;;Siempre honesto (a) y sincero, los sujetos de [GetFirstName] siempre supieron confiar en su palabra. [GetSheHeCap] ahora está con [Religion.GetHighGodName];;;;;;;;;;;;x;
death_text_craven;Avoiding of all conflict and peril, [GetFirstName] was regarded as something of a craven. [GetSheHeCap] is with [Religion.GetHighGodName] now;;;;Evitando todo conflicto y peligro, [GetFirstName] fue considerado (a) como una especie de cobarde. [GetSheHeCap] ahora está con [Religion.GetHighGodName];;;;;;;;;;;;x;
death_text_brave;Never one to shy away from battle, [GetFirstName] was brave without question and will walk with [Religion.GetHighGodName] in the hereafter;;;;Nunca evito una batalla, [GetFirstName] fue valiente sin cuestionar y caminará con [Religion.GetHighGodName] en el más allá;;;;;;;;;;;;x;
death_text_ambitious;[GetFirstName]’s life was spent seeking and building power, [GetHerHis] ambition may even challenge the reign of [Religion.GetHighGodName];;;;La vida de [GetFirstName] se acabo buscando y construyendo poder, su ambición pudo incluso desafiar el reinado de [Religion.GetHighGodName];;;;;;;;;;;;x;
death_text_content;Never one to question [GetHerHis] position, [GetFirstName] died content, assured of the grace of [Religion.GetHighGodName];;;;Nunca nadie cuestionó su posición, [GetFirstName] murió contento (a), seguro de la gracia de [Religion.GetHighGodName];;;;;;;;;;;;x;
death_text_arbitrary;Arbitrary in life, [GetFirstName] acted according to [GetHerHis] will alone. Hopefully in death [GetSheHe] can at least heed  the guidance of [Religion.GetHighGodName];;;;Arbitrario (a) en la vida, [GetFirstName] actuó siempre solo. Con suerte en la muerte al menos puede prestar atención a la orientación de [Religion.GetHighGodName];;;;;;;;;;;;x;
death_text_just;A just [GetManWoman], [GetFirstName] sought fairness in life. Surely [Religion.GetHighGodName] will look favorably upon [GetHerHim];;;;[GetManWoman], [GetFirstName] buscó la equidad en la vida. Seguramente [Religion.GetHighGodName] lo (a) mirará favorablemente;;;;;;;;;;;;x;
death_text_cynical;[GetFirstName] spent much of [GetHerHis] life in doubt, but perhaps [Religion.GetHighGodName] will overlook [GetHerHis] uncertainty;;;;[GetFirstName] pasó la mayor parte de su vida en duda, pero quizás [Religion.GetHighGodName] pase por alto su incertidumbre;;;;;;;;;;;;x;
death_text_zealous;[GetFirstName] was a zealous follower of [Religion.GetHighGodName], [GetHerHis] devotion shall surely gain their favour in death;;;;[GetFirstName] fue un entusiasta seguidor (a) de [Religion.GetHighGodName], demostro una gran devoción seguramente ganará su favor en la muerte;;;;;;;;;;;;x;
death_text_paranoid;[GetFirstName] lived a life in fear and paranoia, may [GetSheHe] find relief with [Religion.GetHighGodName];;;;[GetFirstName] vivió con miedo y paranoia, puede que ahora encuentre alivio con [Religion.GetHighGodName];;;;;;;;;;;;x;
death_text_trusting;[GetFirstName] was never one to question others in life. May [Religion.GetHighGodName] protect [GetHerHim] from this in death;;;;[GetFirstName] nunca fue alguien que cuestionara a los demás en la vida. Puede que [Religion.GetHighGodName] lo proteja de esto en la muerte;;;;;;;;;;;;x;
death_text_cruel;[GetFirstName] died after a life of cruelty, feeding on torture. At least the small creatures of [GetHerHis] realm can finally rest easy;;;;[GetFirstName] murió después de una vida de crueldad, administrando torturas. Al menos las pequeñas criaturas del reino finalmente pueden descansar tranquilas;;;;;;;;;;;;x;
death_text_elephant;[GetFirstName] stood against aggression from birth, so [GetSheHe] made a natural member of the Elephant party until [GetHerHis] dying day;;;;[GetFirstName] se opuso a la agresión de elefantes desde su nacimiento, por lo que se convirtió en un (a) miembro natural de la sociedad de elefantes hasta su muerte;;;;;;;;;;;;x;
death_text_tiger;Fighting throughout [GetHerHis] life, [GetFirstName] was a member of the Tigers and pushed for conquest until [GetHerHis] last day;;;;Peleando durante toda la vida , [GetFirstName] fue miembro (a) de los Tigres y siempre iva a la conquista hasta su último día;;;;;;;;;;;;x;
death_text_fire_obsessed;Fire is an interesting thing, but [GetFirstName] was obsessed. As such only a pyre to send [GetHerHim] to meet [Religion.GetHighGodName] will do;;;;El fuego es algo interesante, pero [GetFirstName] estaba obsesionado (a) con el. Como tal, solo se necesito una chispa para enviarlo con [Religion.GetHighGodName];;;;;;;;;;;;x;
death_text_master_warrior;[GetFirstName] lived for a battle, becoming a peerless fighter. The people of [GetHerHis] realm sit amazed that anything short of [Religion.GetHighGodName] downed [GetHerHim];;;;[GetFirstName] vivió para las batallas, convirtiéndose en un luchador (a) sin igual. La gente del reino se asombra de que no fuera derrotado  ahora esta con [Religion.GetHighGodName];;;;;;;;;;;;x;
death_text_fashionable;Everyone tries to keep in trend, [GetFirstName] was one of few who set them. Now mayhaps even [Religion.GetHighGodName] will dain a change in style;;;;Todos intentan mantenerse en la tendencia, [GetFirstName] fue uno de los pocos (a) que la establecieron. Ahora puede que incluso [Religion.GetHighGodName] le de un cambio en el estilo;;;;;;;;;;;;x;
death_text_tall;In life, [GetFirstName] towered over everyone in the realm. In death [GetSheHe] may now compare [GetHerHis] stature against [Religion.GetHighGodName];;;;En la vida, [GetFirstName] superó a todos en el reino. En la muerte ahora puede comparar su estatura contra los [Religion.GetHighGodName];;;;;;;;;;;;x;
death_text_authoritative;In life, when [GetFirstName] would bark, even direwolves made obedience. Now [GetSheHe] may even test the authority of [Religion.GetHighGodName] over the afterlife;;;;En la vida de [GetFirstName] cuando hablaba, incluso los Lobos huargos lo (a) obedecían. Ahora incluso puede probar la autoridad sobre el más allá de [Religion.GetHighGodName];;;;;;;;;;;;x;
death_text_familyperson;[GetFirstName] lived for family, seeking company and friendship in kin. Surely such a life is worthy of the gifts and gaze of [Religion.GetHighGodName];;;;[GetFirstName] vivió para la familia, buscando compañía y amistad en la familia. Sin duda, una vida así es digna de los dones y la mirada de [Religion.GetHighGodName];;;;;;;;;;;;x;
death_text_stubborn;[GetFirstName] lived stubbornly, never accepting argument nor opposition. Indeed, even [Religion.GetHighGodName] must be amazed that [GetSheHe] gave in to death;;;;[GetFirstName] vivió obstinadamente, nunca aceptando argumentos ni oposición. De hecho, incluso [Religion.GetHighGodName] debe sorprenderse de que se rindiera ante la muerte;;;;;;;;;;;;x;
death_text_ruthless;Few in the realm liked [GetFirstName], fewer still dared to admit to it, none in [GetHerHis] hearing. Thankfully [Religion.GetHighGodName] has seen fit to take [GetFirstName];;;;A pocos en el reino les gustaba [GetFirstName], menos aún se atrevían a admitirlo. Afortunadamente [Religion.GetHighGodName] ha considerado apropiado llevarse a [GetFirstName];;;;;;;;;;;;x;
death_text_honorable;No person in the realm ever doubted [GetFirstName]’s honor. As such, many showed for [GetHerHis] funeral and even more offered prayers to [Religion.GetHighGodName] for [GetHerHim];;;;Ninguna persona en el reino alguna vez dudó del honor de [GetFirstName]. Como tal, muchos se presentaron para el funeral y aún más ofrecieron oraciones a [Religion.GetHighGodName] para su viaje;;;;;;;;;;;;x;
death_text_favored_by_rhllor;The night is dark and full of terrors, but the Lord of Light cast his light upon [GetFirstName] during [GetHerHis] life. [GetSheHeCap] walks in the light forever more;;;;La noche es oscura y está llena de terrores, pero el Señor de la Luz arrojó su luz sobre [GetFirstName] durante su vida [GetSheHeCap] caminara en la luz por siempre jamas;;;;;;;;;;;;x;
death_text_viking;Reaving and Raping, these are the things that filled [GetFirstName]’s time in life. Now in death, [GetSheHe] sails with [Religion.GetHighGodName] to reave for eternity;;;;Asesinando y violando, estas son las cosas que llenaron el tiempo de [GetFirstName] en su vida. Ahora en la muerte, navega con [Religion.GetHighGodName] para pagar todos sus pecados por toda la eternidad;;;;;;;;;;;;x;
death_text_seducer;Everything is sex', someone once said, [GetFirstName] put this to test as [GetSheHe] spent life in seduction. No doubt [Religion.GetHighGodName] will join that list;;;;Todo es sexo ', alguien dijo una vez, [GetFirstName] puso esto a prueba  tal como pasó su vida en la seducción. Sin duda [Religion.GetHighGodName] se unirá a esa lista;;;;;;;;;;;;x;
death_text_architect;[GetFirstName] spent [GetHerHis] life in construction and design. Now with [GetHerHis] death, [GetSheHe] will assuredly work on the grand abodes of [Religion.GetHighGodName];;;;[GetFirstName] pasó su vida en la construcción y diseño. Ahora con su muerte seguramente trabajará en las grandes moradas de [Religion.GetHighGodName];;;;;;;;;;;;x;
DEATH_DRAGONHORN;died after blowing on the dragon horn owned by $KILLER$;;;;murió después de soplar el cuerno de dragón propiedad de $KILLER$;;;;;;;;;;;;x;
DEATH_DRAGONHORN_NO_KILLER;died after blowing on a dragon horn;;;;murió después de soplar un cuerno de dragón;;;;;;;;;;;;x;
DEATH_DATE_SOLD_SLAVE;Sold to a Minor Slaver: $DATE|Y$ at age $AGE|Y$;;;;Vendido un esclavo menor: $FECHA|Y$ a la edad $EDAD|Y$;;;;;;;;;;;;x;
DEATH_DATE_ABANDONED;Abandoned to Die: $DATE|Y$ at age $AGE|Y$;;;;Abandonado para morir: $FECHA|Y$ at age $EDAD|Y$;;;;;;;;;;;;x;
DEATH_DATE_EXECUTION_BEYOND_WALL;Send Beyond the Wall to Die: $DATE|Y$ at age $AGE|Y$;;;;Enviado Más allá del Muro a morir: $FECHA|Y$ at age $EDAD|Y$;;;;;;;;;;;;x;
DEATH_DATE_MISSING;Went Missing: $DATE|Y$ at age $AGE|Y$;;;;Desapareció: $FECHA|Y$ a la edad $EDAD|Y$;;;;;;;;;;;;x;
EVTOPTAQimprisoned.10;Roast [From.GetHerHim] alive in a metal bull!;;;;!Asado (a) vivo en un toro de metal!;;;;;;;;;;;;x;
EVTOPTB50028;Keep [FromFrom.GetHerHis] skin as a trophy!;;;;!Desollado su piel como un trofeo!;;;;;;;;;;;;x;
DEATH_death_duel_murder_attempt;was slayed by $KILLER$ in an attempt to murder them;;;;;;;;;;;;;;;;x;
EVTOPTARimprisoned.10;Have [From.GetHerHis] corpse embalmed and displayed!;;;;;;;;;;;;;;;;x;
DEATH_duel_poison;was painfully killed by a poison inflicted during a duel by $KILLER$ ;;;;;;;;;;;;;;;;x;

