#CODE;ENGLISH;FRENCH;GERMAN;;SPANISH;;;;;;;;;x
LOADING_TIP_0;Never forget - Winter is coming.;L'hiver vient. -devise de la maison Stark;Niemals vergessen - Winter kommt.;;Nunca lo olvides, se acerca el invierno.;;;;;;;;;x
LOADING_TIP_1;Valar morghulis.;Valar morghulis.;;;Valar morghulis.;;;;;;;;;x
LOADING_TIP_2;Valar dohaeris.;Valar dohaeris.;;;Valar dohaeris.;;;;;;;;;x
LOADING_TIP_3;The man who passes the sentence should swing the sword.;L'homme qui prononce la sentence doit l'executer en personne.;;;'El hombre que dicta la sentencia debe blandir la espada'. -Eddard Stark;;;;;;;;;x
LOADING_TIP_4;Castles are not dragonproof.;La Nuit se regroupe et ma guerre commence. -Jon Snow;;;Los castillos no son a prueba de dragones.;;;;;;;;;x
LOADING_TIP_5;The Castellan of the Iron Throne is also called the Hand of the King.;Faites que l'on m’enterre avec une arbalète afin que je puisse remercier le Pére-d'en-Haut de la même manière que celui d'en bas. -Tyrion Lannister;;;El castellano del Trono de Hierro es conocido también como la Mano del Rey.;;;;;;;;;x
LOADING_TIP_6;When you play the game of thrones, you win, or you die. There is no middle ground.;Quand on joue au jeu des trônes, on gagne ou on meurt, il n'y a pas d'alternative. -Cersei Lannister;;;'Cuando se juega al juego de tronos, solo se puede ganar o morir. No hay puntos intermedios'. -Cersei Lannister;;;;;;;;;x
LOADING_TIP_7;'And who are you,' the proud lord said, 'that I must bow so low?';Et qui êtes-vous, dit le fier Seigneur, pour que je doive m'incliner si bas ?;;;¿Y quién sois vos?', preguntó el orgulloso señor, '¿para haceros tales reverencias?';;;;;;;;;x
LOADING_TIP_8;Don't. Trust. Littlefinger.;Où vont les putes ? -Tyrion Lannister;;;No confiéis en Meñique.;;;;;;;;;x
LOADING_TIP_9;A loyal cupbearer can protect you from poison.;Ce que le roi rêve, la main l'édifie. Eddard Stark;;;Un copero leal os puede proteger del veneno.;;;;;;;;;x
LOADING_TIP_10;What is dead may never die, but rises again, harder and stronger!;Ce qui est mort ne saurait mourir mais se lève à nouveau, plus dur à la peine et plus vigoureux;;;Lo que está muerto no puede morir, ¡sino que se alza de nuevo, más duro, más fuerte!;;;;;;;;;x
LOADING_TIP_11;You can send a prisoner to the Wall by banishing them.;Nous ne semons pas. -devise de la maison Greyjoy;;;Podéis enviar a un prisionero al Muro para desterrarlo.;;;;;;;;;x
LOADING_TIP_12;Words are wind.;Les mots sont du vent. ;;;Las palabras se las lleva el viento.;;;;;;;;;x
LOADING_TIP_13;Dark wings, dark words.;Noires ailes, noires nouvelles.;;;Alas negras, palabras negras.;;;;;;;;;x
LOADING_TIP_14;A bear there was, a bear, a bear, all black and brown and covered in hair!;Un ours y avait, un ours, un ours ! Tout noir et tout brun, tout couvert de poils…;;;Había un oso, un oso, ¡un oso!, era negro, era enorme, ¡cubierto de pelo horroroso!;;;;;;;;;x
LOADING_TIP_15;If you have no viable Maester, you can ask the Citadel to send you one.;Aussi haute qu'Honneur. -devise de la maison Arryn;;;Si no tenéis maestre, podéis pedirle a la Ciudadela que os envíe uno.;;;;;;;;;x
LOADING_TIP_16;Never try to ambush a knight of the Kingsguard. It won't end well.;Je rugis ! -devise de la maison Lannister;;;No intentéis nunca tenderle una emboscada a un caballero de la Guardia Real. No terminará bien.;;;;;;;;;x
LOADING_TIP_17;You can knight women if they are exceptional fighters.;Insoumis, invaincus, intacts. -devise de la maison Martell;;;Podéis darle el título de caballero a una mujer si es una guerrera excepcional.;;;;;;;;;x
LOADING_TIP_18;The night is dark and full of terrors.;La nuit est sombre et pleine de terreur.;;;La noche es oscura y alberga cosas aterradoras.;;;;;;;;;x
LOADING_TIP_19;Cthulhu-worshiping Vikings are not to be trusted.;Merci au site la Garde de Nuit.;;;Aunque todos nos desprecian.- Lema de la casa Codd;;;;;;;;;x
LOADING_TIP_20;Usually only followers of the Faith can become knights.;Le Nord se souvient. -lord Wyman Manderly;;;Solo los seguidores de la Fe pueden convertirse en caballeros.;;;;;;;;;x
LOADING_TIP_21;A hunting trip might carry hidden dangers...;Famille, devoir, honneur. -devise de la maison Tully;;;Un viaje de caza puede traer consigo peligros ocultos...;;;;;;;;;x
LOADING_TIP_22;'Money buys a man's silence for a time. A bolt in the heart buys it forever' - Petyr Baelish;Feu et sang. -devise de la maison Targaryen;;;Enviar a un asesino en busca de Tywin Lannister probablemente no sea buena idea.;;;;;;;;;x
LOADING_TIP_23;If you're imprisoned by a pyromaniac, a trial-by-combat is unlikely to help much.;Au besoin, j'aurais laissé tout son khalasar te baiser, sœurette. Chacun des quarante mille hommes, et leurs chevaux en prime, si cela devait me fournir mon armée. -Viserys Targaryen à Daenerys;;;Si un pirómano os tiene encarcelado, es poco probable que un juicio por combate vaya a ayudar.;;;;;;;;;x
LOADING_TIP_24;Hodor.;Améliorez votre traduction française, jetez un œil à la FAQ dans Mes Documents/Paradox Interactive/Crusader Kings 2/Mod/A Game of Thrones/Traduction française;;;Déjame ascender.- Lema de la casa Fowler;;;;;;;;;x
LOADING_TIP_25;Reek, Reek, it rhymes with freak.;Schlingue, schlingue, ça commence comme château. ;;;Hediondo, Hediondo, rima con lirondo.;;;;;;;;;x
LOADING_TIP_26;'Be glad the Gods made seven hells. One would never be enough to hold both of the Cleganes.' - Jaime Lannister ;Réjouissez-vous que les dieux aient créé sept enfers. Un seul ne suffirait jamais pour contenir les deux Clegane. -Jaime Lannister;;;Padre, gracias a los dioses por haber creado siete infiernos. Con uno no bastaría para retener a los dos Clegane'. -Jaime Lannister;;;;;;;;;x
LOADING_TIP_27;'If I could pray with my cock, I would be much more religious.' - Tyrion;S'il m'était possible de prier avec ma queue, je serais d'une piété beaucoup plus ardente.  -Tyrion;;;'Si me dejaran rezar con la polla sería mucho más religioso'. -Tyrion Lannister;;;;;;;;;x
LOADING_TIP_28;'My daughter has taken an axe for a lover. I will not have my son bedeck himself like a whore. It is as I feared. The green lands have made you soft, and the Starks have made you theirs.'- Balon Greyjoy;Elia de Dorne. Je l'ai tuée piaulant pour sa portée. Puis je l'ai violée. Puis j'ai écrabouillé sa putain de gueule. Comme ça. -La Montagne.;;;Mi hija tiene como amante un hacha de guerra. No permitiré que mi hijo se engalane como una prostituta. Justo lo que me temía. Las tierras verdes te han hecho blando, y los Stark te han hecho suyo'. -Balon Greyjoy;;;;;;;;;x
LOADING_TIP_29;The dead are likely dull fellows, full of tedious complaints - 'the ground's too cold, my gravestone should be larger, why does HE get more worms than I do...'' -Dolorous Edd;Peu importe avec qui tu couches..., encore qu'il y ait quelque injustice à ouvrir tes cuisses pour l'un de tes frères et pas pour l'autre. -Tyrion à Cersei.;;; 'Seguro que los muertos son muy aburridos, siempre quejándose de tonterías... que si el suelo está muy duro, que si me merecía una lápida más grande, que por qué ése tiene más gusanos que yo...'. -Edd el Penas;;;;;;;;;x
LOADING_TIP_30;'That one is nothing to fear, girl. Paint stripes on a toad, he does not become a tiger' - Sandor Clegane to Sansa Stark;Nôtre est la fureur. -devise de la maison Baratheon;;;¡No intentéis ejecutar a Barristan Selmy!;;;;;;;;;x
LOADING_TIP_31;'Even now I could cut through the five of you like carving a cake!' - Ser Barristan Selmy;Nous autres princes, échafaudons nos plans avec la dernière des minuties , et les dieux les anéantissent en les renversant d'une pichenette. -Doran Martell;;;'Incluso ahora podría acabar con los cinco tan fácilmente como si cortara queso con una daga'. -Ser Barristan Selmy;;;;;;;;;x
LOADING_TIP_32;'There sits the only king I mean to bow my knee to, m'lords, the King in the North!' - the Greatjon;C'est maintenant que tout commence. Disait Ser Arthur Dayne, dégainant Aube. - Non, rectifia Ned d'une voix quelque peu navrée, c'est maintenant que tout s'achève;;;'Éste es el único rey ante el que pienso doblar la rodilla, mis señores, ¡El Rey en el Norte!' -El Gran Jon;;;;;;;;;x
LOADING_TIP_33;'A reader lives a thousand lives before he dies. The man who never reads lives only one.' - Jojen Reed;Une véritable malédiction que d'avoir une si grande gueule quand on est si petit… -Tyrion. ;;;'Un lector vive mil vidas antes de morir. Aquel que nunca lee vive solo una'. -Jojen Reed;;;;;;;;;x
LOADING_TIP_34;'Bring on your storm, my lord - and recall, if you do, the name of this castle.' - Courtnay Penrose;Honnêtement, aujourd'hui, souhaitez-vous voir votre frère monter sur le trône de fer ? -Il ne ferait pas un très bon roi, n'est-ce pas ? - Il y a eu pire... mais pas souvent. -Ser Jorah et Daenerys. ;;; 'Azotad la fortaleza como una tormenta, mi señor. Y recordad, por favor, cuál es su nombre' -Cortnay Penrose;;;;;;;;;x
LOADING_TIP_35;'Men are men. Vows are words. And words are wind.' - Iron Emmett;Rengainez votre épée, ou je vous l'enfonce dans un endroit encore inexploré par Renly lui-même! -Jaime à Loras Tyrell;;;'Los hombres son hombres, los votos son palabras, y las palabras se las lleva el viento'. -Férreo Emmett;;;;;;;;;x
LOADING_TIP_36;'Valar morghulis. Valar morghulis. Valar morghulis.' - Arya Stark;Valar morghulis. Valar morghulis. Valar morghulis. - Arya Stark;;;'Valar morghulis. Valar morghulis. Valar morghulis'. -Arya Stark;;;;;;;;;x
LOADING_TIP_37;'Vengeance. Justice. Fire and Blood.' - Prince Doran;Vengeance. Justice. Feu et Sang. - Prince Doran;;;'Venganza. Justicia. Fuego y sangre'. -Doran Martell;;;;;;;;;x
LOADING_TIP_38;'Don't make me rue the day I raped your mother.' - Roose Bolton to Ramsay ;Aucun rempart ne saurait garantir la sécurité. Un rempart ne tire sa force que par la force de ses défenseurs. -Eddard Stark;;;'No hagas que lamente el día en que violé a tu madre'. -Roose Bolton a Ramsay;;;;;;;;;x
LOADING_TIP_39;'Though mayhaps this was a blessing, had he lived, he would have grown up to be a Frey';Vos promesses n'ont aucune espèce de valeur. Je ne gagnerai rien à votre mort, hormis le plaisir de vous tuer, et je n'aventurerai certes pas ma propre existence pour cela... si mince que puisse être le risque. -Brynden Tully ;;;'Aunque puede que haya sido una suerte, en el fondo. De haber vivido, se habría convertido en un Frey'. -Lord Wyman Manderly;;;;;;;;;x
LOADING_TIP_40;'Rhaegar fought valiantly, Rhaegar fought nobly, Rhaegar fought honorably. And Rhaegar died.' - Jorah Mormont;Que peut bien valoir une couronne lorsque les corbeaux dînent d'un roi ?;;;'Rhaegar luchó con valentía, Rhaegar luchó con nobleza. Y Rhaegar murió'. -Jorah Mormont;;;;;;;;;x
LOADING_TIP_41;'Fear cuts deeper than swords.' - Syrio;Vous n'avez pas le droit de faire ça ! -On a une corde. C'est pas mal non plus. -Dialogue entre Merret Frey et les brigands. ;;;'El miedo hiere más que las espadas' -Syrio Forel;;;;;;;;;x
LOADING_TIP_42;'Shagga is of the opinion that three axes are better than two.' - Tyrion;Dis-moi, Bronn. Si je t'ordonnais de tuer un bébé..., une petite fille, en fait, encore au sein..., le ferais-tu ? Sans poser de question ? -Sans poser de question ? Non. Je demanderais : 'Combien?'. - Dialogue entre Tyrion et Bronn.;;;'Shagga es de la opinión de que tres hachas son mejor que dos'. -Tyrion Lannister;;;;;;;;;x
LOADING_TIP_43;'Our knees do not bend easily.' - Ser Arthur Dayne, The Sword of the Morning;Oooooooh, je suis le dernier des géants, rappelez-vous bien ma chanson, car avec moi elle va s'éteindre, et durer le long silence, long;;;'No nos arrodillamos tan fácilmente'. -Ser Arthur Dayne, la Espada del Amanecer;;;;;;;;;x
LOADING_TIP_44;'There are no men like me. There is only me.' - Jaime;Il n'y a pas d'autre homme comme moi. Il n'y a que moi -Jaime Lannister.;;;'No hay hombres como yo. Soy único'. -Jaime Lannister;;;;;;;;;x
LOADING_TIP_45;'The North remembers...';Plus haut, plus fort. -devise de la maison Tyrell;;;'El Norte recuerda...';;;;;;;;;x
LOADING_TIP_46;'Hodor' - Hodor;Hodor. - Hodor;;;'Hodor' -Hodor;;;;;;;;;x
LOADING_TIP_47;'Born amidst salt and smoke? Are you a ham?' - Renly ;La question est : me faudra-t-il enjamber votre cadavre? -Jaime Lannister.;;;Estupendo. Si los dos lleváramos el mismo estandarte la batalla sería muy confusa'. -Renly Baratheon a Stannis Baratheon;;;;;;;;;x
LOADING_TIP_48;'If you would take a man's life, you owe it to him to look into his eyes and hear his final words. And if you cannot do that, then perhaps the man does not deserve to die.' -Eddard Stark;Je suis pas né d'hier, Régicide. -Nan mais tu vas mourir aujourd'hui. -Jaime Lannister.;;;'Si le vas a quitar la vida a un hombre, tienes un deber para con él, y es mirarlo a los ojos y escuchar sus últimas palabras. Si no soportas eso, quizá es que ese hombre no merece morir'. -Eddard Stark;;;;;;;;;x
LOADING_TIP_49;'King Jaehaerys once told me that madness and greatness are two sides of the same coin. Every time a new Targaryen is born, he said, the gods toss the coin in the air and the world holds its breath to see how it will land.';Le roi Jaehaerys m'a dit un jour que démence et grandeur étaient les deux faces d'une même pièce. Chaque fois que naît un nouveau Targaryen, disait-il encore, les dieux lancent la pièce en l'air, et le monde retient son souffle en se demandant sur quel côté elle va bien pouvoir tomber.;;; 'El rey Jaehaerys me dijo que la locura y la grandeza no son más que dos caras de la misma moneda. Cada vez que nace un Targaryen los dioses tiran la moneda al aire y el mundo entero contiene el aliento para ver de qué lado cae.';;;;;;;;;x
LOADING_TIP_50;'Kill the boy, Jon Snow. Winter is almost upon us. Kill the boy and let the man be born.' - Maester Aemon;Rhaegar s'est battu vaillamment. Rhaegar s'est battu noblement. Rhaegar s'est battu honorablement. Et Rhaegar a péri.;;;'Mata al niño, Jon Nieve. El invierno se nos echa encima. Mata al niño y que nazca el hombre'. -El maestre Aemon;;;;;;;;;x
LOADING_TIP_51;'Daenerys Targaryen is no maid, however. She is the widow of a Dothraki khal, a mother of dragons and a sacker of cities, Aegon the Conqueror with teats...'; Daenerys Targaryen n'est pas une pucelle. C'est la veuve d'un khal dothraki, la mère de dragons et une pilleuse de villes, Aegon le conquérant avec des nichons - Tyrion.;;;Pero Daenerys Targaryen no es ninguna doncella. Es viuda de un khal Dothraki, madre de dragones y saqueadora de ciudades. Aegon el Conquistador con tetas'. -Tyrion Lannister;;;;;;;;;x
LOADING_TIP_53;'Honor? I've got Seven Kingdoms to rule! One king, Seven Kingdoms! Do you think honor keeps them in line? Do you think it's honor that's keeping the peace? It's fear! Fear and blood!' -King Robert;Comment veux-tu mourir, Tyrion, fils de Tywin ? -Dans mon lit, le ventre plein, ma queue dans la bouche d'une pucelle, et à quatre-vingts ans. -Tyrion Lannister;;; '¿Honor? ¡Tengo siete reinos que gobernar! ¡Un rey, siete reinos! ¿Crees que és el honor lo que los mantiene a raya? ¿Crees que es el honor el qué está manteniendo la paz? ¡Es el miedo! ¡El miedo y la sangre!' -Rey Robert I;;;;;;;;;x
LOADING_TIP_54;Power resides only where men believe it resides...A shadow on the wall, yet shadows can kill. And ofttimes a very small man can cast a very large shadow'- Varys;Quand tes ennemis te défient, ton devoir est de leur servir du fer et du feu. Mais, lorsqu'ils tombent à genoux, ton devoir est de les aider à se relever. Autrement, personne ne consentira jamais à ployer le genou devant toi. Tywin Lannister;"Moslems können den ""Dekadent""-Nachteil loswerden, indem sie sich auf Haddsch nach Mecca begeben. ";; 'El poder reside donde los hombres creen que reside. Es un truco. Una sombra en la pared. Y un hombre muy pequeño puede emitir una sombra muy grande'-Varys;;;;;;;;;x
