######Hightower Nicknames;;;;;;;;;;;;;;x
nick_the_black_tower;the Blacktower;la Tour Noire;;;la Torre Negra;;;;;;;;;x
nick_the_white_tower;the Whitetower;la Tour Blanche;;;la Torre Blanca;;;;;;;;;x
nick_the_crazed_tower;the Madtower;la Tour Démente;;;la Torre Demente;;;;;;;;;x
nick_the_wild_tower;the Angry Tower;la Tour Sauvage;;;la Torre Enojada;;;;;;;;;x
nick_the_harmless_tower;the Redtower;Sans-Muraille;;;la Torre Inofensiva;;;;;;;;;x
nick_the_big_tower;the Hightower;la Hautetour;;;Torrealta;;;;;;;;;x
nick_the_strong_tower;Strongtower;la Tour Terrible;;;Torrefuerte;;;;;;;;;x
nick_the_charming_tower;the Fairtower;la Tour Charmante;;;la Torre Apuesta;;;;;;;;;x
nick_the_grotesque_tower;the Broken Tower;la Tour Brisée;;;la Torre Grotesca;;;;;;;;;x
nick_the_little_tower;the Lowtower;la Tourette;;;Torrebaja;;;;;;;;;x
nick_the_wise_tower;the Wise Tower;la Tour Sage;;;la Torre Sabia;;;;;;;;;x
nick_the_simple_tower;the Dulltower;la Tour Simplette;;;Torrecilla;;;;;;;;;x
nick_the_learned_tower;the Darktower;la Tour Érudite;;;la Torre Erudita;;;;;;;;;x
nick_the_delicate_tower;the Weak Tower;la Tour Délicate;;;la Torre Delicada;;;;;;;;;x
nick_the_suspicious_tower;the Silvertower;la Tour Sûre;;;la Torre Desconfiada;;;;;;;;;x
nick_the_headstrong_tower;the Oldtower;la Tour Ferme;;;Torreantigua;;;;;;;;;x
nick_the_tower_knight;the Tower[This.GetNicknameWarrior];le Chevalier-Tour;;;la Torre [This.GetNicknameWarrior];;;;;;;;;x
######Manderly Nicknames;;;;;;;;;;;;;;x
nick_the_black_merman;the Black Merman;le Triton Noir;;;el Tritón Negro;;;;;;;;;x
nick_the_white_merman;the White Merman;le Triton Blanc;;;el Tritón Blanco;;;;;;;;;x
nick_the_crazed_merman;the Mad Merman;le Triton Fou;;;el Tritón Loco;;;;;;;;;x
nick_the_wild_merman;the Wroth Merman;le Triton Sauvage;;;el Tritón Salvaje;;;;;;;;;x
nick_the_harmless_merman;the Red Merman;le Triton Inoffensif;;;el Tritón Inofensivo;;;;;;;;;x
nick_the_big_merman;the Big Merman;le Grand Triton;;;el Gran Tritón;;;;;;;;;x
nick_the_strong_merman;the Strong Merman;le Triton Invincible;;;el Tritón Musculoso;;;;;;;;;x
nick_the_charming_merman;the Handsome Merman;le Charmant Triton;;;el Tritón Apuesto;;;;;;;;;x
nick_the_grotesque_merman;the Ugly Merman;le Triton Ugly;;;el Tritón Espantoso;;;;;;;;;x
nick_the_little_merman;the Little Merman;le Petit Triton;;;el Pequeño Tritón;;;;;;;;;x
nick_the_wise_merman;the Sage Merman;le Triton Sage;;;el Tritón Sabio;;;;;;;;;x
nick_the_simple_merman;the Dim Merman;le Triton Simplet;;;el Tritón Simplón;;;;;;;;;x
nick_the_learned_merman;the Dark Merman;le Triton Érudit;;;el Tritón Erudito;;;;;;;;;x
nick_the_delicate_merman;the Lame Merman;le Triton Délicat;;;el Tritón Delicado;;;;;;;;;x
nick_the_suspicious_merman;the Silver Merman;le Triton Suspicieux;;;el Tritón Suspicaz;;;;;;;;;x
nick_the_headstrong_merman;the Old Merman;le Triton Inflexible;;;el Tritón Inflexible;;;;;;;;;x
####Shablone - Female;;;;;;;;;;;;;;x
nick_the_black_mermaid;the Black Mermaid;la Sirène Noire;;;la Sirena Negra;;;;;;;;;x
nick_the_white_mermaid;the White Mermaid;la Sirène Blanche;;;la Sirena Blanca;;;;;;;;;x
nick_the_crazed_mermaid;the Mad Mermaid;la Sirène Folle;;;la Sirena Loca;;;;;;;;;x
nick_the_wild_mermaid;the Wild Mermaid;la Sirène Sauvage;;;la Sirena Salvaje;;;;;;;;;x
nick_the_harmless_mermaid;the Red Mermaid;la Sirène Inoffensive;;;la Sirena Inofensiva;;;;;;;;;x
nick_the_big_mermaid;the Big Mermaid;la Grande Sirène;;;la Gran Sirena;;;;;;;;;x
nick_the_strong_mermaid;the Strong Mermaid;la Sirène Invincible;;;la Sirena Invencible;;;;;;;;;x
nick_the_charming_mermaid;the Pretty Mermaid;la Charmante Sirène;;;la Sirena Encantadora;;;;;;;;;x
nick_the_grotesque_mermaid;the Ugly Mermaid;la Sirène Ugly;;;la Sirena Grotesca;;;;;;;;;x
nick_the_little_mermaid;the Little Mermaid;la Petite Sirène;;;la Pequeña Sirena;;;;;;;;;x
nick_the_wise_mermaid;the Canny Mermaid;la Sirène Sage;;;la Sirena Sabia;;;;;;;;;x
nick_the_simple_mermaid;the Vapid Mermaid;la Sirène Simplette;;;la Sirenita;;;;;;;;;x
nick_the_learned_mermaid;the Dark Mermaid;la Sirène Savante;;;la Sirena Pensante;;;;;;;;;x
nick_the_delicate_mermaid;the Weak Mermaid;la Sirène Délicate;;;la Sirena Delicada;;;;;;;;;x
nick_the_suspicious_mermaid;the Silver Mermaid;la Sirène Suspicieuse;;;la Sirena Recelosa;;;;;;;;;x
nick_the_headstrong_mermaid;the Old Mermaid;la Sirène Inflexible;;;la Sirena Testaruda;;;;;;;;;x
######Mormont Nicknames;;;;;;;;;;;;;;x
nick_the_black_bear;the Black Bear;l'Ours Noir;;;el Oso Negro;;;;;;;;;x
nick_the_white_bear;the White Bear;l'Ours Blanc;;;el Oso Blanco;;;;;;;;;x
nick_the_crazed_bear;the Mad Bear;l'Ours Fou;;;el Oso Loco;;;;;;;;;x
nick_the_wild_bear;the Angry Bear;l'Ours Sauvage;;;el Oso Salvaje;;;;;;;;;x
nick_the_harmless_bear;Redbear;l'Ours Mollasson;;;el Oso Dormido;;;;;;;;;x
nick_the_big_bear;the Greatbear;le Grand Ours;;;el Gran Oso;;;;;;;;;x
nick_the_strong_bear;Strongbear;le Grizzli;;;Osofuerte;;;;;;;;;x
nick_the_charming_bear;the Genial Bear;l'Ours Charmant;;;el Oso Encantador;;;;;;;;;x
nick_the_grotesque_bear;the Broken Bear;l'Ours Ugly;;;el Oso Deforme;;;;;;;;;x
nick_the_little_bear;the Little Bear;le Petit Ours;;;el Pequeño Oso;;;;;;;;;x
nick_the_wise_bear;the Wise Bear;l'Ours Sage;;;el Oso Sabio;;;;;;;;;x
nick_the_simple_bear;the Simple Bear;l'Ours Simplet;;;Osito;;;;;;;;;x
nick_the_learned_bear;Darkbear;l'Ours Éclairé ;;;el Oso Erudito;;;;;;;;;x
nick_the_delicate_bear;the Weak Bear;l'Ours Maniéré;;;el Oso Delicado;;;;;;;;;x
nick_the_suspicious_bear;the Silver Bear;l'Ours Méfiant;;;el Oso Desconfiado;;;;;;;;;x
nick_the_headstrong_bear;the Old Bear;l'Ours Têtu;;;el Oso Inflexible;;;;;;;;;x
nick_the_bear_knight;the Bear[This.GetNicknameWarrior];le Chevalier Ours;;;el Oso [This.GetNicknameWarrior];;;;;;;;;x
######Arryn Nicknames;;;;;;;;;;;;;;x
nick_the_black_falcon;the Black Falcon;le Faucon Noir;;;el Halcón Negro;;;;;;;;;x
nick_the_white_falcon;the White Falcon;le Gerfaut;;;el Halcón Blanco;;;;;;;;;x
nick_the_crazed_falcon;the Mad Falcon;le Faucon Fou;;;el Halcón Loco;;;;;;;;;x
nick_the_wild_falcon;the Angry Falcon;le Faucon Sauvage;;;el Halcón Salvaje;;;;;;;;;x
nick_the_harmless_falcon;the Red Falcon;le Sans-Serres;;;el Halcón Sin Garras;;;;;;;;;x
nick_the_big_falcon;the Greathawk;le Grand Faucon;;;el Gran Halcón;;;;;;;;;x
nick_the_strong_falcon;the Strong Falcon;le Faucon Puissant;;;el Halcón Gerifalte;;;;;;;;;x
nick_the_charming_falcon;the Peregrine;le Faucon d'or;;;el Halcón Apuesto;;;;;;;;;x
nick_the_grotesque_falcon;the Vulture;le Vautour;;;el Buitre;;;;;;;;;x
nick_the_little_falcon;the Smallhawk;le Fauconneau;;;el Falconete;;;;;;;;;x
nick_the_wise_falcon;the Sharp Talon;le Faucon Sage;;;el Halcón Sabio;;;;;;;;;x
nick_the_simple_falcon;the Talonless;le Faucon Simplet;;;el Halcón Simplón;;;;;;;;;x
nick_the_learned_falcon;Darkfalcon;le Faucon Savant;;;el Halcón Erudito;;;;;;;;;x
nick_the_delicate_falcon;the Feeble Falcon;le Faucon Gracieux;;;el Halcón Delicado;;;;;;;;;x
nick_the_suspicious_falcon;Silverwing;Serres-Assérées;;;Garraserrada;;;;;;;;;x
nick_the_headstrong_falcon;the Old Falcon;le Faucon Inflexible;;;el Halcón Inflexible;;;;;;;;;x
nick_the_laughing_falcon;the Laughing Falcon;le Faucon Rieur;;;el Halcón Sonriente;;;;;;;;;x
nick_the_falconknight;the Falcon[This.GetNicknameWarrior];le Chevalier-Faucon;;;el Halcón [This.GetNicknameWarrior];;;;;;;;;x
######Florent Nicknames;;;;;;;;;;;;;;x
nick_the_black_fox;the Black Fox;le Renard Noir;;;el Zorro Negro;;;;;;;;;x
nick_the_white_fox;the White Fox;le Renard Blanc;;;el Zorro Blanco;;;;;;;;;x
nick_the_crazed_fox;the Mad Fox;le Renard Fou;;;el Zorro Loco;;;;;;;;;x
nick_the_wild_fox;the Furious Fox;le Renard Sauvage;;;el Zorro Salvaje;;;;;;;;;x
nick_the_harmless_fox;Redfox;le Renard Inoffensif;;;el Zorro Inofensivo;;;;;;;;;x
nick_the_big_fox;the Big Fox;le Grand Renard;;;el Gran Zorro;;;;;;;;;x
nick_the_strong_fox;Strongfox;le Goupil;;;Zorrón;;;;;;;;;x
nick_the_charming_fox;Fairfox;le Charmant Renard;;;el Zorro Apuesto;;;;;;;;;x
nick_the_grotesque_fox;the Ugly Fox;le Renard Risible;;;el Zorro Grotesco;;;;;;;;;x
nick_the_little_fox;the Little Fox;le Renardeau;;;Zorrito;;;;;;;;;x
nick_the_wise_fox;the Cunning;le Renard Sage;;;el Zorro Astuto;;;;;;;;;x
nick_the_simple_fox;the Outfoxed;le Renard Simplet;;;el Raposo;;;;;;;;;x
nick_the_learned_fox;Darkfox;le Renard Érudit;;;el Zorro Listo;;;;;;;;;x
nick_the_delicate_fox;the Feeble Fox;le Renard Délicat;;;el Zorro Delicado;;;;;;;;;x
nick_the_suspicious_fox;the Silver Fox;le Renard Méfiant;;;el Zorro Desconfiado;;;;;;;;;x
nick_the_headstrong_fox;the Old Fox;le Renard Inflexible;;;el Zorro Inflexible;;;;;;;;;x
nick_the_fox_knight;the Fox[This.GetNicknameWarrior];le Chevalier-Renard;;;el Zorro [This.GetNicknameWarrior];;;;;;;;;x
######Greyjoy Nicknames;;;;;;;;;;;;;;x
nick_the_black_cracken;the Black Kraken;la Seiche Noire;;;el Kraken Negro;;;;;;;;;x
nick_the_white_cracken;the White Kraken;la Seiche Blanche;;;el Kraken Blanco;;;;;;;;;x
nick_the_crazed_cracken;Seawind;la Seiche Folle;;;el Kraken Loco;;;;;;;;;x
nick_the_wild_cracken;the Iron Storm;la Seiche Sauvage;;;el Kraken Salvaje;;;;;;;;;x
nick_the_harmless_cracken;the Red Kraken;la Seiche Inoffensive;;;el Kraken Calmado;;;;;;;;;x
nick_the_big_cracken;the Kraken;la Grande Seiche;;;el Gran Kraken;;;;;;;;;x
nick_the_strong_cracken;the Golden Kraken;le Kraken ;;;el Kraken Colosal;;;;;;;;;x
nick_the_charming_cracken;the Fair Kraken;la Charmante Seiche;;;el Kraken Apuesto;;;;;;;;;x
nick_the_grotesque_cracken;Monstrous Kraken;le Cuivre-Né;;;el Kraken Monstruoso;;;;;;;;;x
nick_the_little_cracken;the Iron Ingot;la Petite Seiche;;;Lingote de Hierro;;;;;;;;;x
nick_the_wise_cracken;the Wise Kraken;la Pieuvre;;;el Kraken Astuto;;;;;;;;;x
nick_the_simple_cracken;Dullsea;la Seiche Simplette;;;el Calamar;;;;;;;;;x
nick_the_learned_cracken;Darkiron;la Seiche des Livres;;;el Kraken Erudito;;;;;;;;;x
nick_the_delicate_cracken;Softiron;Dolcefer;;;Dulcehierro;;;;;;;;;x
nick_the_suspicious_cracken;the Silver Kraken;la Seiche Méfiante;;;el Kraken Suspicaz;;;;;;;;;x
nick_the_headstrong_cracken;the Old Kraken;Fer-Tête;;;el Viejo Kraken;;;;;;;;;x
nick_the_laughing_cracken;the Laughing Kraken;la Seiche Rieuse;;;el Kraken Sonriente;;;;;;;;;x
######Tully Nicknames;;;;;;;;;;;;;;x
nick_the_black_fish;the Blackfish;le Poisson Noir;;;el Pez Negro;;;;;;;;;x
nick_the_white_fish;the White River;le Poisson Blanc;;;el Pez Blanco;;;;;;;;;x
nick_the_crazed_fish;Madfish;le Poisson Fou;;;el Pez Loco;;;;;;;;;x
nick_the_wild_fish;Wildfish;le Poisson Sauvage;;;el Pez Salvaje;;;;;;;;;x
nick_the_harmless_fish;the Redfish;la Paisible Truite;;;la Trucha Pacífica;;;;;;;;;x
nick_the_big_fish;the Pike;le Grand Poisson;;;el Esturión;;;;;;;;;x
nick_the_strong_fish;the Strong Fish;le Brochet;;;el Lucio;;;;;;;;;x
nick_the_charming_fish;the Goldfish;le Poisson d'Or;;;el Pez Apuesto;;;;;;;;;x
nick_the_grotesque_fish;Troutface;Tête-d'Ecaille;;;Caratrucha;;;;;;;;;x
nick_the_little_fish;the Minnow;le Gardon;;;el Pezqueñín;;;;;;;;;x
nick_the_wise_fish;the Wise Fish;le Poisson Sage;;;el Pez Sabio;;;;;;;;;x
nick_the_simple_fish;the Trout;le Poisson Simplet;;;el Pececillo;;;;;;;;;x
nick_the_learned_fish;the Darkfish;le Poisson Érudit;;;el Pez Erudito;;;;;;;;;x
nick_the_delicate_fish;the Feeble Fish;le Poisson Tendre;;;el Pez Tierno;;;;;;;;;x
nick_the_suspicious_fish;the Silverfish;le Poisson Méfiant;;;el Pez Desconfiado;;;;;;;;;x
nick_the_headstrong_fish;the Old Fish;le Poisson Inflexible;;;el Pez Inflexible;;;;;;;;;x
nick_the_laughing_fish;the Laughing Fish;le Poisson Clown;;;el Pez Payaso;;;;;;;;;x
nick_the_fish_knight;the River[This.GetNicknameWarrior];le Chevalier-Poisson;;;el [This.GetNicknameWarrior] del Río;;;;;;;;;x
######Tyrell Nicknames;;;;;;;;;;;;;;x
nick_the_black_rose;the Black Rose;la Rose Noire;;;la Rosa Negra;;;;;;;;;x
nick_the_white_rose;the White Rose;la Rose Blanche;;;la Rosa Blanca;;;;;;;;;x
nick_the_crazed_rose;the Raving Rose;la Rose Folle;;;la Rosa Loca;;;;;;;;;x
nick_the_wild_rose;the Thorn;la Rose Sauvage;;;la Rosa Salvaje;;;;;;;;;x
nick_the_harmless_rose;the Red Rose;Sans-Epine;;;la Rosa Sin Espinas;;;;;;;;;x
nick_the_big_rose;the Big Rose;la Grande Rose;;;la Gran Rosa;;;;;;;;;x
nick_the_strong_rose;Strongrose;la Rose Invincible;;;la Rosa Fuerte;;;;;;;;;x
nick_the_charming_rose;the Summer Rose;la Rose d'été;;;la Rosa Estival;;;;;;;;;x
nick_the_grotesque_rose;the Wilted Rose;la Rose d'hiver;;;la Ortiga;;;;;;;;;x
nick_the_little_rose;Smallrose;la Petite Rose;;;la Pequeña Rosa;;;;;;;;;x
nick_the_wise_rose;Wiserose;la Rose Sage;;;la Rosa Astuta;;;;;;;;;x
nick_the_simple_rose;the Violet;la Rose Simplette;;;la Rosita;;;;;;;;;x
nick_the_learned_rose;Darkrose;la Rose Savante;;;la Rosa Sabia;;;;;;;;;x
nick_the_delicate_rose;the Lily;la Rose Délicate;;;el Lirio;;;;;;;;;x
nick_the_suspicious_rose;the Silver Rose;la Rose Méfiante;;;el Espino;;;;;;;;;x
nick_the_headstrong_rose;the Old Rose;la Rose Inflexible;;;el Rosón;;;;;;;;;x
nick_the_rose_knight;the Rose[This.GetNicknameWarrior];le Chevalier aux Roses;;;el [This.GetNicknameWarrior] de la Rosa;;;;;;;;;x
nick_the_knight_of_flowersB;the[This.GetNicknameWarrior] of Flowers;;;;el [This.GetNicknameWarrior] de la Rosa;;;;;;;;;x
######Martel Nicknames;;;;;;;;;;;;;;x
nick_the_black_spear;the Black Sun;la Lance Noire;;;la Lanza Negra;;;;;;;;;x
nick_the_white_spear;the White Sun;la Lance Blanche;;;la Lanza Blanca;;;;;;;;;x
nick_the_crazed_spear;Madspear;le Lance Folle;;;la Lanza Loca;;;;;;;;;x
nick_the_wild_spear;Wrothspear;la Lance Sauvage;;;Lanzasalvaje;;;;;;;;;x
nick_the_harmless_spear;Redspear;la Lance Émoussée;;;la Lanza Sin Punta;;;;;;;;;x
nick_the_big_spear;Longspear;la Longue Pique;;;Lanzalarga;;;;;;;;;x
nick_the_strong_spear;Strongspear;la Lance Imbrisable;;;el Lanzón;;;;;;;;;x
nick_the_charming_spear;Warmspear;la Charmante Lance;;;la Lanza Apuesta;;;;;;;;;x
nick_the_grotesque_spear;the Broken Spear;la Hallebarde;;;Lanzarrota;;;;;;;;;x
nick_the_little_spear;Shortspear;la Petite Lance;;;Lanzacorta;;;;;;;;;x
nick_the_wise_spear;Sharpspear;la Lance Sage;;;la Lanza Sabia;;;;;;;;;x
nick_the_simple_spear;Dullspear;la Lance Sans-Tête;;;Lanzatorpe;;;;;;;;;x
nick_the_learned_spear;Darkspear;la Lance Savante;;;la Lanza Erudita;;;;;;;;;x
nick_the_delicate_spear;Softspear;la Lance Délicate;;;la Lanza Delicada;;;;;;;;;x
nick_the_suspicious_spear;Silverspear;la Lance Empoisonnée;;;la Lanza Emponzoñada;;;;;;;;;x
nick_the_headstrong_spear;Oldspear;la Lance Inflexible;;;la Lanza Inflexible;;;;;;;;;x
nick_spearknight;the[This.GetNicknameWarrior] of Spears;le Chevalier des Lances;;;el [This.GetNicknameWarrior] de la Lanza;;;;;;;;;x
######Lannister Nicknames;;;;;;;;;;;;;;x
nick_the_black_lion;the Black Lion;le Lion Noir;;;el León Negro;;;;;;;;;x
nick_the_white_lion;the White Lion;le Lion Blanc;;;el León Blanco;;;;;;;;;x
nick_the_crazed_lion;the Mad Lion;le Lion Fou;;;el León Loco;;;;;;;;;x
nick_the_wild_lion;the Angry Lion;le Lion Sauvage;;;el León Salvaje;;;;;;;;;x
nick_the_harmless_lion;the Red Lion;le Lion Endormi;;;el León Durmiente;;;;;;;;;x
nick_the_big_lion;the Big Lion;le Grand Lion;;;el Gran León;;;;;;;;;x
nick_the_strong_lion;the Strong Lion;le Lion Invincible;;;el León Invencible;;;;;;;;;x
nick_the_charming_lion;the Golden Lion;le Lion Charmant;;;el León Apuesto;;;;;;;;;x
nick_the_grotesque_lion;the Ugly Lion;Sans-Crinière;;;el León Calvo;;;;;;;;;x
nick_the_little_lion;the Little Lion;le Petit Lion;;;el Pequeño León;;;;;;;;;x
nick_the_wise_lion;the Sage Lion;le Lion Sage;;;el León Sabio;;;;;;;;;x
nick_the_simple_lion;the Dim Lion;le Lion Simplet;;;el Leoncillo;;;;;;;;;x
nick_the_learned_lion;Darklion;le Lion Érudit;;;el León Erudito;;;;;;;;;x
nick_the_delicate_lion;the Lame Lion;le Lion Délicat;;;el León Delicado;;;;;;;;;x
nick_the_suspicious_lion;the Silver Lion;le Lion Méfiant;;;el León Suspicaz;;;;;;;;;x
nick_the_headstrong_lion;the Grey Lion;le Lion Inflexible;;;el León Inflexible;;;;;;;;;x
nick_the_lion_knight;the Lion[This.GetNicknameWarrior];le Chevalier-Lion;;;el León [This.GetNicknameWarrior];;;;;;;;;x
nick_the_toothless_lion;the Toothless Lion;le Lion Sans-Dent;;;el León Mellado;;;;;;;;;x
######Targaryan Nicknames;;;;;;;;;;;;;;x
nick_the_black_dragon;the Black Dragon;le Dragon Noir;;;el Dragón Negro;;;;;;;;;x
nick_the_white_dragon;the White Dragon;le Dragon Blanc;;;el Dragón Blanco;;;;;;;;;x
nick_the_crazed_dragon;the Mad Dragon;le Dragon Fou;;;el Dragón Loco;;;;;;;;;x
nick_the_wild_dragon;the Fiery Dragon;le Dragon Sauvage;;;el Dragón Salvaje;;;;;;;;;x
nick_the_harmless_dragon;the Red Dragon;le Dragonneau;;;Llamaapagada;;;;;;;;;x
nick_the_big_dragon;the Great Dragon;le Grand Dragon;;;el Gran Dragón;;;;;;;;;x
nick_the_strong_dragon;Strongfyre;Feufort;;;Fuegofuerte;;;;;;;;;x
nick_the_strong_dragon2;Strongdragon;Dragonfort;;;Dragónfuerte;;;;;;;;;x
nick_the_charming_dragon;the Gold Dragon;le Charmant Dragon;;;el Dragón Sonriente;;;;;;;;;x
nick_the_grotesque_dragon;the Ugly Dragon;la Salamandre;;;la Salamandra;;;;;;;;;x
nick_the_little_dragon;Smalldragon;le Petit Dragon;;;el Pequeño Dragón;;;;;;;;;x
nick_the_wise_dragon;Brightfyre;le Dragon Sage;;;el Dragón Sabio;;;;;;;;;x
nick_the_simple_dragon;Dimflame;le Dragon Simplet;;;el Dragoncete;;;;;;;;;x
nick_the_learned_dragon;Darkflame;le Dragon Érudit;;;el Dragón Erudito;;;;;;;;;x
nick_the_delicate_dragon;Weakflame;le Noble Dragon;;;el Dragón Noble;;;;;;;;;x
nick_the_suspicious_dragon;the Great Dragon;Le Dragon Suspicieux;;;el Dragón Suspicaz;;;;;;;;;x
nick_the_headstrong_dragon;the Old Dragon;le Dragon Têtu;;;el Dragón Furioso;;;;;;;;;x
nick_the_laughing_dragon;the Laughing Dragon;le Dragon Rieur;;;el Dragón Bromista;;;;;;;;;x
nick_the_dragonknightB;the Dragon[This.GetNicknameWarrior];le Chevalier-Dragon;;;el Dragón [This.GetNicknameWarrior];;;;;;;;;x
######Stark Nicknames;;;;;;;;;;;;;;x
nick_the_black_wolf;the Black Wolf;le Loup Noir;;;el Lobo Negro;;;;;;;;;x
nick_the_white_wolf;the White Wolf;le Loup Blanc;;;el Lobo Blanco;;;;;;;;;x
nick_the_crazed_wolf;the Rabid Wolf;le Loup Enragé;;;el Lobo Loco;;;;;;;;;x
nick_the_wild_wolf;the Wroth Wolf;le Loup Sauvage;;;el Lobo Salvaje;;;;;;;;;x
nick_the_harmless_wolf;the Red Wolf;le Loup Calme;;;el Lobo Mellado;;;;;;;;;x
nick_the_big_wolf;the Direwolf;le Loup-Garou;;;el Lobo Huargo;;;;;;;;;x
nick_the_strong_wolf;Strongwolf;le Loup Terrible;;;el Lobo Terrible;;;;;;;;;x
nick_the_charming_wolf;the Fair Wolf;le Loup Charmant;;;el Lobo Apuesto;;;;;;;;;x
nick_the_grotesque_wolf;the Ugly Wolf;le Chien Loup;;;el Sabueso Lobo;;;;;;;;;x
nick_the_little_wolf;the Runt;le Louveteau;;;el Lobezno;;;;;;;;;x
nick_the_wise_wolf;the Wise Wolf;le Loup Sage;;;el Lobo Sabio;;;;;;;;;x
nick_the_simple_wolf;the Slow Wolf;le Loup Simplet;;;el Lobito;;;;;;;;;x
nick_the_learned_wolf;Darkwolf;le Loup Avisé;;;el Lobo Erudito;;;;;;;;;x
nick_the_delicate_wolf;the Lame Wolf;le Loup Délicat;;;el Lobo Delicado;;;;;;;;;x
nick_the_suspicious_wolf;the Silver Wolf;le Croc;;;el Lobo Suspicaz;;;;;;;;;x
nick_the_headstrong_wolf;the Old Wolf;Coeur-Glacé;;;el Viejo Lobo;;;;;;;;;x
nick_the_laughing_wolf;the Howling;le Loup Hurleur;;;el Lobo Aullador;;;;;;;;;x
nick_the_wolf_knight;the Wolf[This.GetNicknameWarrior];le Chevalier-Loup;;;el Lobo [This.GetNicknameWarrior];;;;;;;;;x
######Baratheon Nicknames;;;;;;;;;;;;;;x
nick_the_black_stag;the Black Stag;le Cerf Noir;;;el Ciervo Negro;;;;;;;;;x
nick_the_white_stag;the White Stag;le Cerf Blanc;;;el Ciervo Blanco;;;;;;;;;x
nick_the_crazed_stag;the Mad Stag;le Cerf Fou;;;el Ciervo Loco;;;;;;;;;x
nick_the_wild_stag;the Raging Storm;le Cerf Indomptable;;;el Ciervo Salvaje;;;;;;;;;x
nick_the_harmless_stag;Redstag;le Cerf Calme;;;el Ciervo Durmiente;;;;;;;;;x
nick_the_big_stag;the Greatstag;le Grand Cerf;;;el Gran Ciervo;;;;;;;;;x
nick_the_strong_stag;the Strong Stag;Bois-Durs;;;el Venado Astado;;;;;;;;;x
nick_the_charming_stag;the Noble Stag;le Cerf Charmant;;;el Ciervo Apuesto;;;;;;;;;x
nick_the_grotesque_stag;the Ugly Stag;Bois-Tordus;;;el Venado Retorcido;;;;;;;;;x
nick_the_little_stag;the Little Stag;le Petit Cerf;;;el Cervatillo;;;;;;;;;x
nick_the_wise_stag;the Wise Stag;le Cerf Sage;;;el Ciervo Sabio;;;;;;;;;x
nick_the_simple_stag;the Dim Stag;le Cerf Simplet;;;el Cervato;;;;;;;;;x
nick_the_learned_stag;Darkstorm;le Cerf Érudit;;;el Ciervo Erudito;;;;;;;;;x
nick_the_delicate_stag;the Soft Stag;le Cerf Délicat;;;el Ciervo Delicado;;;;;;;;;x
nick_the_suspicious_stag;the Silver Stag;le Cerf Méfiant;;;el Ciervo Desconfiado;;;;;;;;;x
nick_the_headstrong_stag;the Old Stag;le Cerf Inflexible;;;el Ciervo Inflexible;;;;;;;;;x
nick_the_stag_knight;the Storm[This.GetNicknameWarrior];le Chevalier-Cerf;;;el Ciervo [This.GetNicknameWarrior];;;;;;;;;x
######Grifindor (aka Connington) Nicknames;;;;;;;;;;;;;;x
nick_the_black_griffin;the Black Griffin;le Griffon Noir;;;el Grifo Negro;;;;;;;;;x
nick_the_white_griffin;the White Griffin;le Griffon Blanc;;;el Grifo Blanco;;;;;;;;;x
nick_the_crazed_griffin;the Mad Griffin;le Griffon Fou;;;el Grifo Loco;;;;;;;;;x
nick_the_wild_griffin;the Angry Griffin;le Griffon Sauvage;;;el Grifo Salvaje;;;;;;;;;x
nick_the_harmless_griffin;the Red Griffin;le Griffon Faible;;;el Grifo Débil;;;;;;;;;x
nick_the_big_griffin;the Big Griffin;le Grand Griffon;;;el Gran Grifo;;;;;;;;;x
nick_the_strong_griffin;the Strong Griffin;le Griffon Invincible;;;el Grifo Invencible;;;;;;;;;x
nick_the_charming_griffin;the Golden Griffin;le Charmant Griffon;;;el Grifo Apuesto;;;;;;;;;x
nick_the_grotesque_griffin;the Ugly Griffin;la Chimère;;;la Gárgola;;;;;;;;;x
nick_the_little_griffin;the Little Griffin;le Petit Griffon;;;el Pequeño Grifo;;;;;;;;;x
nick_the_wise_griffin;the Sage Griffin;le Griffon Sage;;;el Grifo Sabio;;;;;;;;;x
nick_the_simple_griffin;the Dull Griffin;le Griffon Simplet;;;el Grifo Simple;;;;;;;;;x
nick_the_learned_griffin;the Dark Griffin;le Griffon Érudit;;;el Grifo Erudito;;;;;;;;;x
nick_the_delicate_griffin;the Weak Griffin;le Griffon Délicat;;;el Grifo Delicado;;;;;;;;;x
nick_the_suspicious_griffin;the Silver Griffin;le Griffon Méfiant;;;el Grifo Desconfiado;;;;;;;;;x
nick_the_headstrong_griffin;the Grey Griffin;le Griffon Inflexible;;;el Grifo Inflexible;;;;;;;;;x
nick_the_griffin_knight;the Griffin[This.GetNicknameWarrior];le Chevalier-Griffon;;;el Grifo [This.GetNicknameWarrior];;;;;;;;;x
######Oakheart Nicknames;;;;;;;;;;;;;;x
nick_the_black_oak;the Black Oak;le Rouvre Noir;;;el Roble Negro;;;;;;;;;x
nick_the_white_oak;the White Oak;le Rouvre Blanc;;;el Roble Blanco;;;;;;;;;x
nick_the_crazed_oak;the Raving Oak;le Rouvre Fou;;;el Roble Loco;;;;;;;;;x
nick_the_wild_oak;the Angry Oak;le Rouvre Sauvage;;;el Roble Salvaje;;;;;;;;;x
nick_the_harmless_oak;the Red Oak;l’Arbrisseau;;;el Arbusto;;;;;;;;;x
nick_the_big_oak;the Big Oak;le Grand Rouvre;;;el Gran Roble;;;;;;;;;x
nick_the_strong_oak;the Strong Oak;le Rouvre Invincible;;;el Roble Fuerte;;;;;;;;;x
nick_the_charming_oak;the Regal Oak;le Charmant Rouvre;;;el Roble Amable;;;;;;;;;x
nick_the_grotesque_oak;the Odd Oak;le Rouvre Pourri;;;el Roble Podrido;;;;;;;;;x
nick_the_little_oak;the Acorn;le Petit Rouvre;;;el Pequeño Roble;;;;;;;;;x
nick_the_wise_oak;the Wise Oak;le Rouvre Sage;;;el Roble Sabio;;;;;;;;;x
nick_the_simple_oak;the Dim Oak;le Rouvre Simplet;;;el Roble Simple;;;;;;;;;x
nick_the_learned_oak;Darkoak;le Rouvre Érudit;;;el Roble Erudito;;;;;;;;;x
nick_the_delicate_oak;the Weak Oak;le Rouvre Délicat;;;el Roble Delicado;;;;;;;;;x
nick_the_suspicious_oak;the Silver Oak;le Rouvre Méfiant;;;el Roble Desconfiado;;;;;;;;;x
nick_the_headstrong_oak;the Old Oak;le Rouvre Inflexible;;;el Roble Inflexible;;;;;;;;;x
nick_the_oak_knight;the Oaken[This.GetNicknameWarrior];le Chevalier-Rouvre;;;el Roble [This.GetNicknameWarrior];;;;;;;;;x
######Both Fossoways Nicknames;;;;;;;;;;;;;;x
nick_the_black_apple;the Rotten Apple;la Pomme Pourrie;;;la Manzana Podrida;;;;;;;;;x
nick_the_white_apple;the White Apple;la Pomme Blanche;;;la Manzana Blanca;;;;;;;;;x
nick_the_crazed_apple;the Mad Apple;la Pomme Folle;;;la Manzana Loca;;;;;;;;;x
nick_the_wild_apple;the Angry Apple;la Pomme Sauvage;;;la Manzana Salvaje;;;;;;;;;x
nick_the_harmless_apple;the Red Apple;la Pomme Blette;;;la Manzana Madura;;;;;;;;;x
nick_the_big_apple;the Big Apple;la Grande Pomme;;;la Gran Manzana;;;;;;;;;x
nick_the_strong_apple;the Strong Apple;la Pomme Forte;;;la Manzana Fuerte;;;;;;;;;x
nick_the_charming_apple;the Sweet Apple;la Charmante Pomme;;;la Manzana Apuesta;;;;;;;;;x
nick_the_grotesque_apple;the Worm;la Pomme Pourrie;;;la Manzana Pocha;;;;;;;;;x
nick_the_little_apple;the Crabapple;la Petite Pomme;;;la Pequeña Manzana;;;;;;;;;x
nick_the_wise_apple;the Able Apple;la Pomme Sage;;;la Manzana Sabia;;;;;;;;;x
nick_the_simple_apple;the Simple Apple;la Pomme Simplette;;;la Manzanilla;;;;;;;;;x
nick_the_learned_apple;Darkapple;la Pomme Savante;;;la Manzalla Erudita;;;;;;;;;x
nick_the_delicate_apple;the Soft Apple;la Pomme Délicate;;;la Manzana Delicada;;;;;;;;;x
nick_the_suspicious_apple;the Silver Apple;la Pomme Méfiante;;;la Manzana Suspicaz;;;;;;;;;x
nick_the_headstrong_apple;the Ripe Apple;la Pomme Inflexible;;;la Manzana Inflexible;;;;;;;;;x
nick_the_apple_knight;the Apple[This.GetNicknameWarrior];le Chevalier des Pommes;;;el [This.GetNicknameWarrior] de las Manzanas;;;;;;;;;x
######Crackhall Nicknames;;;;;;;;;;;;;;x
nick_the_black_boar;the Black Boar;le Sanglier Noir;;;el Jabalí Negro;;;;;;;;;x
nick_the_white_boar;the White Boar;le Sanglier Blanc;;;el Jabalí Blanco;;;;;;;;;x
nick_the_crazed_boar;Madboar;le Sanglier Fou;;;el Jabalí Loco;;;;;;;;;x
nick_the_wild_boar;the Raging Boar;le Sanglier Sauvage;;;el Jabalí Salvaje;;;;;;;;;x
nick_the_harmless_boar;Redboar;le Marcassin;;;el Jabato;;;;;;;;;x
nick_the_big_boar;the Big Boar;le Grand Sanglier;;;el Gran Jabalí;;;;;;;;;x
nick_the_strong_boar;the Strong Boar;le Sanglier Invincible;;;el Jabalí Invencible;;;;;;;;;x
nick_the_charming_boar;the Fine Boar;le Charmant Sanglier;;;el Jabalí Apuesto;;;;;;;;;x
nick_the_grotesque_boar;the Ugly Boar;le Cochon Sauvage;;;el Cerdo Salvaje;;;;;;;;;x
nick_the_little_boar;the Little Boar;le Petit Sanglier;;;el Pequeño Jabalí;;;;;;;;;x
nick_the_wise_boar;Brightboar;le Sanglier Sage;;;el Jabalí Sabio;;;;;;;;;x
nick_the_simple_boar;Slowboar;le Sanglier Simplet;;;el Marrano;;;;;;;;;x
nick_the_learned_boar;Darkboar;le Sanglier Érudit;;;el Jabalí Erudito;;;;;;;;;x
nick_the_delicate_boar;the Weak Boar;le Sanglier Délicat;;;el Jabalí Delicado;;;;;;;;;x
nick_the_suspicious_boar;the Silver Boar;le Sanglier Méfiant;;;el Jabalí Desconfiado;;;;;;;;;x
nick_the_headstrong_boar;the Old Boar;le Sanglier Inflexible;;;el Jabalí Terco;;;;;;;;;x
nick_the_boar_knight;the Boar[This.GetNicknameWarrior];le Chevalier-Sanglier;;;el Jabalí [This.GetNicknameWarrior];;;;;;;;;x
######Clegane Nicknames;;;;;;;;;;;;;;x
nick_the_black_hound;the Black Hound;le Chien Noir;;;el Sabueso Negro;;;;;;;;;x
nick_the_white_hound;the White Hound;le Chien Blanc;;;el Sabueso Blanco;;;;;;;;;x
nick_the_crazed_hound;the Rabid Hound;le Chien Fou;;;el Sabueso Loco;;;;;;;;;x
nick_the_wild_hound;Ragebark;le Chien Sauvage;;;el Sabueso Salvaje;;;;;;;;;x
nick_the_harmless_hound;Redhound;le Chiot;;;el Cachorro;;;;;;;;;x
nick_the_big_hound;the Big Hound;le Grand Chien;;;el Gran Sabueso;;;;;;;;;x
nick_the_strong_hound;the Strong Hound;le Chien Invincible;;;el Sabueso Invencible;;;;;;;;;x
nick_the_charming_hound;the Golden Hound;le Chien Charmant;;;el Sabueso Amable;;;;;;;;;x
nick_the_grotesque_hound;Dogface;le Clébard;;;el Chucho;;;;;;;;;x
nick_the_little_hound;the Little Hound;le Petit Chien;;;el Pequeño Sabueso;;;;;;;;;x
nick_the_wise_hound;the Wise Hound;le Chien Sage;;;el Sabueso Sabio;;;;;;;;;x
nick_the_simple_hound;the Dim Hound;le Chien Simplet;;;el Perrillo;;;;;;;;;x
nick_the_learned_hound;Darkhound;le Chien Érudit;;;el Sabueso Erudito;;;;;;;;;x
nick_the_delicate_hound;the Toothless Hound;le Chien Délicat;;;el Sabueso Delicado;;;;;;;;;x
nick_the_suspicious_hound;the Silver Hound;le Chien de Garde;;;Cancerbero;;;;;;;;;x
nick_the_headstrong_hound;the Old Hound;le Chien Inflexible;;;el Sabueso Inflexible;;;;;;;;;x
nick_the_hound_knight;the Hound[This.GetNicknameWarrior];le Chevalier-Chien;;;el Sabueso [This.GetNicknameWarrior];;;;;;;;;x
######Redwyne Nicknames;;;;;;;;;;;;;;x
nick_the_black_thorn;Blackthorn;le Pampre Noir;;;la Espina Negra;;;;;;;;;x
nick_the_white_thorn;Whitethorn;le Pampre Blanc;;;la Espina Blanca;;;;;;;;;x
nick_the_crazed_thorn;Madthorn;le Pampre Fou;;;la Espina Loca;;;;;;;;;x
nick_the_wild_thorn;the Prickly Thorn;le Pampre Sauvage;;;la Espina Salvaje;;;;;;;;;x
nick_the_harmless_thorn;Redthorn;le Pampre Inoffensif;;;la Espina Inofensiva;;;;;;;;;x
nick_the_big_thorn;the Big Thorn;le Grand Pampre;;;la Gran Espina;;;;;;;;;x
nick_the_strong_thorn;Strongthorn;le Pampre Invincible;;;la Espina Indestructible;;;;;;;;;x
nick_the_charming_thorn;the Rose;le Charmant Pampre;;;la Espina Alegre;;;;;;;;;x
nick_the_grotesque_thorn;the Ugly Thorn;le Pampre Ugly;;;la Espina Grotesca;;;;;;;;;x
nick_the_little_thorn;the Little Thorn;le Petit Pampre;;;la Pequeña Espina;;;;;;;;;x
nick_the_wise_thorn;Sharpthorn;le Pampre Sage;;;la Espina Sabia;;;;;;;;;x
nick_the_simple_thorn;the Thornless;le Pampre Simplet;;;la Espinilla;;;;;;;;;x
nick_the_learned_thorn;Darkthorn;le Pampre Érudit;;;la Espina  Erudita;;;;;;;;;x
nick_the_delicate_thorn;the Weak Thorn;le Pampre Délicat;;;la Espina Delicada;;;;;;;;;x
nick_the_suspicious_thorn;the Silver Thorn;le Pampre Méfiant;;;la Espina Desconfiada;;;;;;;;;x
nick_the_headstrong_thorn;the Old Thorn;le Pampre Inflexible;;;la Espina Inflexible;;;;;;;;;x
nick_the_thornknight;the[This.GetNicknameWarrior] of Thorns;le Chevalier des Vignes;;;el [This.GetNicknameWarrior] de las Espinas;;;;;;;;;x
######Eastermont Nicknames;;;;;;;;;;;;;;x
nick_the_black_turtle;the Black Turtle;la Tortue Noire;;;la Tortuga Negra;;;;;;;;;x
nick_the_white_turtle;the White Turtle;la Tortue Blanche;;;la Tortuga Blanca;;;;;;;;;x
nick_the_crazed_turtle;the Mad Turtle;la Tortue Folle;;;la Tortuga Loca;;;;;;;;;x
nick_the_wild_turtle;the Angry Turtle;la Tortue Sauvage;;;la Tortuga Salvaje;;;;;;;;;x
nick_the_harmless_turtle;the Red Turtle;la Tortue Inoffensive;;;la Tortuga Ciega;;;;;;;;;x
nick_the_big_turtle;the Big Turtle;la Grande Tortue;;;la Gran Tortuga;;;;;;;;;x
nick_the_strong_turtle;Hardshell;Carapace Dure;;;Durocaparazón;;;;;;;;;x
nick_the_charming_turtle;the Fair Turtle;la Charmante Tortue;;;la Tortuga Apuesta;;;;;;;;;x
nick_the_grotesque_turtle;the Ugly Turtle;la Tortue Ugly;;;la Tortuga Grotesca;;;;;;;;;x
nick_the_little_turtle;the Little Turtle;la Petite Tortue;;;la Pequeña Tortuga;;;;;;;;;x
nick_the_wise_turtle;the Wise Turtle;la Tortue Sage;;;la Tortuga Sabia;;;;;;;;;x
nick_the_simple_turtle;the Slow Turtle;la Tortue Simplette;;;la Tortuguita;;;;;;;;;x
nick_the_learned_turtle;Darkturtle;la Tortue Savante;;;la Tortuga Erudita;;;;;;;;;x
nick_the_delicate_turtle;Softshell;Carapace Molle;;;Blandocaparazón;;;;;;;;;x
nick_the_suspicious_turtle;the Silver Turtle;la Tortue Suspicieuse;;;la Tortuga Suspicaz;;;;;;;;;x
nick_the_headstrong_turtle;the Old Turtle;la Tortue Têtue;;;la Tortuga Cabezona ;;;;;;;;;x
nick_the_turtle_knight;the Turtle[This.GetNicknameWarrior];le Chevalier-Tortue;;;el [This.GetNicknameWarrior] Tortuga;;;;;;;;;x
######Swann Nicknames;;;;;;;;;;;;;;x
nick_the_black_swan;the Black Swan;le Cygne Noir;;;el Cisne Negro;;;;;;;;;x
nick_the_white_swan;the White Swan;le Cygne Blanc;;;el Cisne Blanco;;;;;;;;;x
nick_the_crazed_swan;Madswan;le Cygne Fou;;;el Cisne Loco;;;;;;;;;x
nick_the_wild_swan;the Stormy Swan;le Cygne Sauvage;;;el Cisne Salvaje;;;;;;;;;x
nick_the_harmless_swan;the Red Swan;le Cygne Inoffensif;;;el Cisne Inofensivo;;;;;;;;;x
nick_the_big_swan;the Big Swan;le Gand Cygne;;;el Gran Cisne;;;;;;;;;x
nick_the_strong_swan;the Strong Swan;le Cygne Invincible;;;el Cisne Invencible;;;;;;;;;x
nick_the_charming_swan;the Splendid Swan;le Charmant Cygne;;;el Cisne Apuesto;;;;;;;;;x
nick_the_grotesque_swan;the Ugly Duckling;le Vilain Petit Canard;;;el Patito Feo;;;;;;;;;x
nick_the_little_swan;the Little Swan;le Petit Cygne;;;el Pequeño Cisne;;;;;;;;;x
nick_the_wise_swan;the Sage Swan;le Cygne Sage;;;el Cisne Sabio;;;;;;;;;x
nick_the_simple_swan;the Simple Swan;le Cygne Simplet;;;el Cisnecillo;;;;;;;;;x
nick_the_learned_swan;Darkswan;le Cygne Érudit;;;el Cisne Erudito;;;;;;;;;x
nick_the_delicate_swan;the Lame Swan;le Cygne Délicat;;;el Cisne Delicado;;;;;;;;;x
nick_the_suspicious_swan;the Silver Swan;le Cygne Méfiant;;;el Cisne Desconfiado;;;;;;;;;x
nick_the_headstrong_swan;the Old Swan;le Cygne Inflexible;;;el Cisne Inflexible;;;;;;;;;x
nick_the_swan_knight;the Swan[This.GetNicknameWarrior];le Chevalier-Cygne;;;el Cisne [This.GetNicknameWarrior];;;;;;;;;x
######Cerwyn Nicknames;;;;;;;;;;;;;;x
nick_the_black_axe;Blackaxe;la Hache Noire;;;Hachanegra;;;;;;;;;x
nick_the_white_axe;the White Axe;la Hache Blanche;;;Hachablanca;;;;;;;;;x
nick_the_crazed_axe;the Mad Axe;la Hache Folle;;;Hachaloca;;;;;;;;;x
nick_the_wild_axe;the Angry Axe;la Hache Sauvage;;;el Hacha Salvaje;;;;;;;;;x
nick_the_harmless_axe;Red-Axe;Sans-Tranchants;;;el Hacha Sin Filo;;;;;;;;;x
nick_the_big_axe;Bigaxe;la Grande Hache;;;la Gran Hacha;;;;;;;;;x
nick_the_strong_axe;Strongaxe;la Hache Tranchante;;;el Hacha Cortante;;;;;;;;;x
nick_the_charming_axe;the Regal Axe;la Hache Étincelante;;;la Hacha Luminosa;;;;;;;;;x
nick_the_grotesque_axe;the Broken Axe;la Hache Brisée;;;Hachamellada;;;;;;;;;x
nick_the_little_axe;the Hatchet;la Hachette;;;la Hachuela;;;;;;;;;x
nick_the_wise_axe;the Able Axe;la Hache Sage;;;el Hacha Sabia;;;;;;;;;x
nick_the_simple_axe;Dullaxe;la Hache Fendue;;;Hachahendida;;;;;;;;;x
nick_the_learned_axe;Darkaxe;la Hache Érudite;;;la Hacha Erudita;;;;;;;;;x
nick_the_delicate_axe;the Soft Axe;la hache Délicate;;;la Hacha Delicada;;;;;;;;;x
nick_the_suspicious_axe;Silver-Axe;la Hache Méfiante;;;la Hacha Desconfiada;;;;;;;;;x
nick_the_headstrong_axe;the Old Axe;la Hache Inflexible;;;el Hacha Inflexible;;;;;;;;;x
nick_the_laughing_axe;the Laughing Axe;la hache Rieuse;;;el Hacha Riente;;;;;;;;;x
nick_the_axe_knight;the Axe [This.GetNicknameWarrior];le Chevalier des Haches;;;el [This.GetNicknameWarrior] del Hacha;;;;;;;;;x
######Goodbrother Nicknames;;;;;;;;;;;;;;x
nick_the_black_warhorn;Blackhorn;Noircorne;;;Cuernonegro;;;;;;;;;x
nick_the_white_warhorn;the White Horn;le Cor Blanc;;;el Cuerno Blanco;;;;;;;;;x
nick_the_crazed_warhorn;the Horned Demon;le Démon Cornu;;;el Demonio Cornudo;;;;;;;;;x
nick_the_wild_warhorn;Wildhorn;la Corne Sauvage;;;el Cuerno Salvaje;;;;;;;;;x
nick_the_harmless_warhorn;Redhorn;l'Inaudible;;;el Inaudible;;;;;;;;;x
nick_the_big_warhorn;Bighorn;la Grande Corne;;;el Gran Cuerno;;;;;;;;;x
nick_the_strong_warhorn;Stronghorn;la Corne Assourdissante;;;el Cuerno Ensordecedor;;;;;;;;;x
nick_the_charming_warhorn;Goldhorn;la Flûte;;;la Flauta;;;;;;;;;x
nick_the_grotesque_warhorn;the Broken Horn;la Corne Brisée;;;el Cuerno Roto;;;;;;;;;x
nick_the_little_warhorn;Smallhorn;la Petite Corne;;;el Pequeño Cuerno;;;;;;;;;x
nick_the_wise_warhorn;the Wise Horn;la Corne Sage;;;el Cuerno Sabio;;;;;;;;;x
nick_the_simple_warhorn;the Dull Horn;la Corne Bouchée;;;el Cuerno Atascado;;;;;;;;;x
nick_the_learned_warhorn;Darkhorn;la Corne Érudite;;;el Cuerno Erudito;;;;;;;;;x
nick_the_delicate_warhorn;the Feeble Horn;la Corne Délicate;;;el Cuerno Delicado;;;;;;;;;x
nick_the_suspicious_warhorn;the Silver Horn;la Corne qui Veille;;;el Cuerno Suspicaz;;;;;;;;;x
nick_the_headstrong_warhorn;the Old Horn;la Corne Inflexible;;;el Viejo Cuerno;;;;;;;;;x
nick_the_laughing_warhorn;the Laughing Horn;le Cor Rieur;;;el Cuerno Sonriente;;;;;;;;;x
######Harlaw Nicknames;;;;;;;;;;;;;;x
nick_the_black_scythe;Blackscythe;la Faux Noire;;;la Guadaña Negra;;;;;;;;;x
nick_the_white_scythe;the White Scythe;la Faux Blanche;;;la Guadaña Blanca;;;;;;;;;x
nick_the_crazed_scythe;the Mad Scythe;la Folle Faux;;;la Guadaña Loca;;;;;;;;;x
nick_the_wild_scythe;the Angry Scythe;la faux Sauvage;;;la Guadaña Salvaje;;;;;;;;;x
nick_the_harmless_scythe;Redscythe;la Faux Émoussée;;;la Guadaña Mocha;;;;;;;;;x
nick_the_big_scythe;the Big Scythe;la Grande Faux;;;la Gran Guadaña;;;;;;;;;x
nick_the_strong_scythe;the Strong Scythe;la Faux Coupante;;;la Guadaña Cortante;;;;;;;;;x
nick_the_charming_scythe;the Fair Scythe;la Faux Étincelante;;;la Guadana Luminosa;;;;;;;;;x
nick_the_grotesque_scythe;the Broken Scythe;la Faux Brisée;;;la Guadaña Rota;;;;;;;;;x
nick_the_little_scythe;the Small Scythe;la Petite Faux;;;la  Hoz;;;;;;;;;x
nick_the_wise_scythe;the Shrewd Scythe;la Sage Faux;;;la Guadaña Sabia;;;;;;;;;x
nick_the_simple_scythe;the Bent Scythe;la Serpe;;;la Podadera;;;;;;;;;x
nick_the_learned_scythe;Darkscythe;la faux Érudite;;;la Guadaña Erudita;;;;;;;;;x
nick_the_delicate_scythe;the Soft Scythe;la Faux Délicate;;;la Guadaña Frágil;;;;;;;;;x
nick_the_suspicious_scythe;the Silver Scythe;la Faux Aiguisée;;;la Guadaña Afilada;;;;;;;;;x
nick_the_headstrong_scythe;the Old Scythe;la Faux Inflexible;;;la Guadaña Inflexible;;;;;;;;;x
nick_the_laughing_scythe;the Laughing Scythe;la Faux Rieuse;;;la Guadaña Sonriente;;;;;;;;;x
######Saltcliffe Nicknames;;;;;;;;;;;;;;x
nick_the_black_snake;Blacksnake;le Serpent Noir;;;la Serpiente Negra;;;;;;;;;x
nick_the_white_snake;the White Snake;le Serpent Blanc;;;la Serpiente Blanca;;;;;;;;;x
nick_the_crazed_snake;the Mad Snake;le Serpent Fou ;;;la Serpiente Loca;;;;;;;;;x
nick_the_wild_snake;the Angry Snake;le Serpent Sauvage;;;la Serpiente Salvaje;;;;;;;;;x
nick_the_harmless_snake;Redsnake;la Couleuvre;;;la Culebra;;;;;;;;;x
nick_the_big_snake;the Big Snake;le Grand Serpent;;;la Gran Serpiente;;;;;;;;;x
nick_the_strong_snake;the Strong Snake;le Serpent Invincible;;;la Serpiente Invencible;;;;;;;;;x
nick_the_charming_snake;Goldsnake;le Serpent Charmeur;;;la Serpiente Encantadora;;;;;;;;;x
nick_the_grotesque_snake;the Snakeworm;le Ver;;;la Lombriz;;;;;;;;;x
nick_the_little_snake;the Small Snake;le Petit Serpent;;;la Pequeña Serpiente;;;;;;;;;x
nick_the_wise_snake;the Wise Snake;le Serpent Sage;;;la Serpiente Sabia;;;;;;;;;x
nick_the_simple_snake;the Simple Snake;le Serpent Stupide;;;la Serpiente Estúpida;;;;;;;;;x
nick_the_learned_snake;Darksnake;le Serpent Érudit;;;la Serpiente Erudita;;;;;;;;;x
nick_the_delicate_snake;the Soft Snake;le Serpent Délicat;;;la Serpiente Delicada;;;;;;;;;x
nick_the_suspicious_snake;the Silver Snake;la Vipère;;;la Víbora;;;;;;;;;x
nick_the_headstrong_snake;the Old Snake;le Serpent Inflexible;;;la Serpiente Tozuda;;;;;;;;;x
nick_the_laughing_snake;the Laughing Snake;le Serpent Rieur;;;la Serpiente Sonriente;;;;;;;;;x
nick_the_snake_knight;the Snake[This.GetNicknameWarrior];le Chevalier-Serpent;;;el [This.GetNicknameWarrior] Serpiente;;;;;;;;;x
######Mooton Nicknames;;;;;;;;;;;;;;x
nick_the_black_salmon;the Black Salmon;le Saumon Noir;;;el Salmón Negro;;;;;;;;;x
nick_the_white_salmon;the White Salmon;le Saumon Blanc;;;el Salmón Blanco;;;;;;;;;x
nick_the_crazed_salmon;the Mad Salmon;le Saumon Fou;;;el Salmón Loco;;;;;;;;;x
nick_the_wild_salmon;the Wroth Salmon;le Saumon Sauvage;;;el Salmón Salvaje;;;;;;;;;x
nick_the_harmless_salmon;the Red Salmon;le Saumon Sans Défense;;;el Salmón Asfixiado;;;;;;;;;x
nick_the_big_salmon;the Big Salmon;le Grand Saumon;;;el Gran Salmón;;;;;;;;;x
nick_the_strong_salmon;the Strong Salmon;le Saumon Vigoureux;;;el Salmón Vigoroso;;;;;;;;;x
nick_the_charming_salmon;the Fine Salmon;le Charmant Saumon;;;el Salmón Apuesto;;;;;;;;;x
nick_the_grotesque_salmon;Salmonface;Sans-Écailles;;;el Salmonete;;;;;;;;;x
nick_the_little_salmon;the Small Salmon;le Petit Saumon;;;el Pequeño Salmón;;;;;;;;;x
nick_the_wise_salmon;the Sage Salmon;le Saumon Sage;;;el Salmón Sabio;;;;;;;;;x
nick_the_simple_salmon;the Simple Salmon;le Saumon Stupide;;;el Salmón Estúpido;;;;;;;;;x
nick_the_learned_salmon;the Dark Salmon;le Saumon Érudit;;;el Salmón Erudito;;;;;;;;;x
nick_the_delicate_salmon;the Soft Salmon;le Saumon Délicat;;;el Salmón Delicado;;;;;;;;;x
nick_the_suspicious_salmon;the Silver Salmon;le Saumon Méfiant;;;el Salmón Desconfiado;;;;;;;;;x
nick_the_headstrong_salmon;the Old Salmon;le Saumon Inflexible;;;el Salmón Inflexible;;;;;;;;;x
nick_the_laughing_salmon;the Laughing Salmon;le Saumon Rieur;;;el Salmón Sonriente;;;;;;;;;x
nick_the_salmon_knight;the Salmon[This.GetNicknameWarrior];le Chevalier-Saumon;;;el Salmón [This.GetNicknameWarrior];;;;;;;;;x
######Vypren Nicknames;;;;;;;;;;;;;;x
nick_the_black_frog;Blackfrog;la Grenouille Noire;;;la Rana Negra;;;;;;;;;x
nick_the_white_frog;Whitefrog;la Grenouille Blanche;;;la Rana Blanca;;;;;;;;;x
nick_the_crazed_frog;Madfrog;la Grenouille Folle;;;la Rana Loca;;;;;;;;;x
nick_the_wild_frog;the Moody Frog;la Grenouille Sauvage;;;la Rana Salvaje;;;;;;;;;x
nick_the_harmless_frog;Redfrog;la Grenouille Paisible;;;la Rana Apacible;;;;;;;;;x
nick_the_big_frog;Bigfrog;le Crapeau;;;el Sapo;;;;;;;;;x
nick_the_strong_frog;Strongfrog;la Grenouille Vigoureuse;;;la Rana Vigorosa;;;;;;;;;x
nick_the_charming_frog;Prince Frog;Prince Grenouille;;;el Príncipe Rana;;;;;;;;;x
nick_the_grotesque_frog;Frogface;la Grenouille Difforme;;;la Rana Deforme;;;;;;;;;x
nick_the_little_frog;Smallfrog;la Petite Grenouille;;;la Pequeña Rana;;;;;;;;;x
nick_the_wise_frog;Wisefrog;la Grenouille Sage;;;la Rana Sabia;;;;;;;;;x
nick_the_simple_frog;the Dim Frog;la Grenouille Simplette;;;la Ranita;;;;;;;;;x
nick_the_learned_frog;Darkfrog;la Grenouille Érudite;;;la Rana Erudita;;;;;;;;;x
nick_the_delicate_frog;the Feeble Frog;la Grenouille Délicate;;;la Rana Frágil;;;;;;;;;x
nick_the_suspicious_frog;the Silver Frog;la Grenouille Bondissante;;;la Rana Saltarina;;;;;;;;;x
nick_the_headstrong_frog;the Old Frog;Tête-de-Grenouille;;;Cabezarana;;;;;;;;;x
nick_the_laughing_frog;the Laughing frog;la Grenouille Rieuse;;;la Rana Alegre;;;;;;;;;x
nick_the_frog_knight;the Frog[This.GetNicknameWarrior];le Chevalier-Grenouille;;;el [This.GetNicknameWarrior] Rana;;;;;;;;;x
######Whent Nicknames;;;;;;;;;;;;;;x
nick_the_black_bat;the Black Bat;la Chauve-souris Noire;;;el Murciélago Negro;;;;;;;;;x
nick_the_white_bat;the White Bat;la Chauve-souris Blanche;;;el Murciélago Blanco;;;;;;;;;x
nick_the_crazed_bat;the Mad Bat;la Chauve-souris Folle;;;el Murciélago Rabioso;;;;;;;;;x
nick_the_wild_bat;the Moody Bat;la Chauve-souris Sauvage;;;el Murciélago Salvaje;;;;;;;;;x
nick_the_harmless_bat;the Red Bat;la Chauve-souris Sans-Ailes;;;el Murciélago sin Alas ;;;;;;;;;x
nick_the_big_bat;the Greatbat;la Grande Chauve-souris;;;el Vampiro;;;;;;;;;x
nick_the_strong_bat;Strongbat;la Chauve-souris Vigoureuse;;;el Murciélago Vigoroso;;;;;;;;;x
nick_the_charming_bat;the Noble Bat;la Charmante Chauve-souris ;;;el Murciélago Brillante;;;;;;;;;x
nick_the_grotesque_bat;Batface;la Chauve-souris Ugly;;;la Rata Alada;;;;;;;;;x
nick_the_little_bat;Smallbat;la Petite Chauve-souris;;;el Pequeño Murciélago;;;;;;;;;x
nick_the_wise_bat;Brightbat;la Chauve-souris Sage;;;el Murciélago Pensante;;;;;;;;;x
nick_the_simple_bat;the Biteless;la Chauve-souris Stupide;;;el Murciélago Estúpido;;;;;;;;;x
nick_the_learned_bat;Darkbat;la Chauve-souris Érudite;;;el Murciélago Erudito;;;;;;;;;x
nick_the_delicate_bat;the Toothless Bat;la Chauve-souris Délicate;;;el Murciélago Delicado;;;;;;;;;x
nick_the_suspicious_bat;the Silver Bat;la Chauve-souris Obscure;;;el Murciélago Oscuro;;;;;;;;;x
nick_the_headstrong_bat;the Old Bat;la Chauve-souris Inflexible;;;el Murciélago Testarudo;;;;;;;;;x
nick_the_laughing_bat;the Laughing bat;la Chauve-souris Rieuse;;;el Murciélago Alegre;;;;;;;;;x
nick_the_bat_knight;the Dark Knight;le Sombre Chevalier;;;el Caballero Oscuro;;;;;;;;;x
######Belmore Nicknames;;;;;;;;;;;;;;x
nick_the_black_bell;the Black Bell;la Cloche Noire;;;la Campana Negra;;;;;;;;;x
nick_the_white_bell;the White Bell;la Cloche Blanche;;;la Campana Blanca;;;;;;;;;x
nick_the_crazed_bell;the Mad Bell;la Cloche Folle;;;la Campana Loca;;;;;;;;;x
nick_the_wild_bell;the Angry Bell;la Cloche Sauvage;;;la Campana Salvaje;;;;;;;;;x
nick_the_harmless_bell;the Red Bell;la Cloche Inaudible;;;la Campana Inaudible;;;;;;;;;x
nick_the_big_bell;the Greatbell;le Bourdon;;;el Badajo;;;;;;;;;x
nick_the_strong_bell;Strongbell;la Cloche Bruyante;;;la Campana Ruidosa;;;;;;;;;x
nick_the_charming_bell;Goldbell;la Clochette;;;la Campana Brillante;;;;;;;;;x
nick_the_grotesque_bell;the Broken Bell;le Grelot;;;el Cascabel;;;;;;;;;x
nick_the_little_bell;Smallbell;la Petite Cloche;;;la Pequeña Campana;;;;;;;;;x
nick_the_wise_bell;Brightbell;la Cloche Sage;;;la Campana Sabia;;;;;;;;;x
nick_the_simple_bell;the Soundless;la Cloche Stupide;;;la Campana Estúpida;;;;;;;;;x
nick_the_learned_bell;Darkbell;la Cloche Érudite;;;la Campana Erudita;;;;;;;;;x
nick_the_delicate_bell;the Weak Bell;la Cloche Délicate;;;la Campana Frágil;;;;;;;;;x
nick_the_suspicious_bell;the Silver Bell;la Cloche Funèbre ;;;la Campana Fúnebre;;;;;;;;;x
nick_the_headstrong_bell;the Old Bell;la Cloche Inflexible;;;la Campana Inflexible;;;;;;;;;x
nick_the_laughing_bell;the Laughing Bell;la Cloche Rieuse;;;la Campana Sonriente;;;;;;;;;x
nick_the_bell_knight;the Bell[This.GetNicknameWarrior];le Chevalier aux Cloches;;;el [This.GetNicknameWarrior] de las Campanas;;;;;;;;;x
######Hunt Nicknames;;;;;;;;;;;;;;x
nick_the_black_arrow;the Black Arrow;la Flèche Noire;;;la Flecha Negra;;;;;;;;;x
nick_the_white_arrow;the White Arrow;la Flèche Blanche;;;la Flecha Blanca;;;;;;;;;x
nick_the_crazed_arrow;the Mad Arrow;la Flèche Folle;;;la Flecha Loca;;;;;;;;;x
nick_the_wild_arrow;the Angry Arrow;la Flèche Sauvage;;;la Flecha Salvaje;;;;;;;;;x
nick_the_harmless_arrow;Red Arrow;la Flèche Sans-Pointe;;;la Flecha Sin Punta;;;;;;;;;x
nick_the_big_arrow;the Big Arrow;la Grande Flèche;;;la Gran Flecha;;;;;;;;;x
nick_the_strong_arrow;Strongarrow;la Flèche Vigoureuse;;;la Flecha Vigorosa;;;;;;;;;x
nick_the_charming_arrow;the Fair Arrow;la Charmante Flèche;;;la Flecha Llameante;;;;;;;;;x
nick_the_grotesque_arrow;the Bent Arrow;la Flèche Tordue;;;la Flecha Torcida;;;;;;;;;x
nick_the_little_arrow;Smallarrow;la Petite Flèche;;;la Pequeña Flecha;;;;;;;;;x
nick_the_wise_arrow;Brightarrow;la Flèche Sage;;;la Flecha Astuta;;;;;;;;;x
nick_the_simple_arrow;the Broken Arrow;la Flèche Brisée;;;la Flecha Quebrada;;;;;;;;;x
nick_the_learned_arrow;Darkarrow;la Flèche Érudite;;;la Fecha Erudita;;;;;;;;;x
nick_the_delicate_arrow;the Lame Arrow;la Flèche Délicate;;;la Flecha Delicada;;;;;;;;;x
nick_the_suspicious_arrow;the Silver Arrow;la Flèche Empoisonnée;;;la Flecha Emponzoñada;;;;;;;;;x
nick_the_headstrong_arrow;the Old Arrow;Pointe-de-Flèche;;;Puntadeflecha;;;;;;;;;x
nick_the_laughing_arrow;the Laughing Arrow;la Flèche Rieuse;;;la Flecha Sonriente;;;;;;;;;x
nick_the_arrow_knight;the Arrow[This.GetNicknameWarrior];le Chevalier des Flèches;;;el [This.GetNicknameWarrior] de las Flechas;;;;;;;;;x
######Bar Emmon Nicknames;;;;;;;;;;;;;;x
nick_the_black_swordfish;the Black Swordfish;l'Espadon Noir;;;el Pez Espada Negro;;;;;;;;;x
nick_the_white_swordfish;the White Swordfish;l'Espadon Banc;;;el Pez Espada Blanco;;;;;;;;;x
nick_the_crazed_swordfish;the Madfish;l'Espadon Fou;;;el Pez Espada Loco;;;;;;;;;x
nick_the_wild_swordfish;the Prickly Swordfish;l'Espadon Sauvage;;;el Pez Espada Salvaje;;;;;;;;;x
nick_the_harmless_swordfish;the Red Swordfish;le Sans-Rostre;;;el Pez Sin Espada;;;;;;;;;x
nick_the_big_swordfish;the Big Swordfish;le Grand Espadon;;;el Gran Emperador;;;;;;;;;x
nick_the_strong_swordfish;the Strong Swordfish;l'Espadon Vigoureux;;;el Emperador;;;;;;;;;x
nick_the_charming_swordfish;the Fair Swordfish;le Charmant Espadon;;;el Pez Espada Brillante;;;;;;;;;x
nick_the_grotesque_swordfish;Fishface;Rostre-Tordu;;;el Pez Cimitarra;;;;;;;;;x
nick_the_little_swordfish;the Small Swordfish;le Petit Espadon;;;el Pequeño Emperador;;;;;;;;;x
nick_the_wise_swordfish;the Sharp Swordfish;l'Espadon Sage;;;el Emperador Sabio;;;;;;;;;x
nick_the_simple_swordfish;the Slow Swordfish;l'Espadon Simplet;;;el Pez Daga;;;;;;;;;x
nick_the_learned_swordfish;the Dark Swordfish;l'Espadon Érudit;;;el Emperador Erudito;;;;;;;;;x
nick_the_delicate_swordfish;the Soft Swordfish;l'Espadon Délicat;;;el Pez Espada Frágil;;;;;;;;;x
nick_the_suspicious_swordfish;the Silver Swordfish;l'Espadon Vicieux;;;el Emperador Venenoso;;;;;;;;;x
nick_the_headstrong_swordfish;the Old Swordfish;l'Espadon Inflexible;;;el Pez Espada Inflexible;;;;;;;;;x
nick_the_laughing_swordfish;the Laughing swordfish;l'Espadon Rieur;;;el Emperador Sonriente;;;;;;;;;x
nick_the_swordfish_knight;the Swordfish[This.GetNicknameWarrior];le Chevalier-Espadon;;;el Pez Espada [This.GetNicknameWarrior];;;;;;;;;x
######Stokeworth Nicknames;;;;;;;;;;;;;;x
nick_the_black_seahorse;the Black Seahorse;l'Hippocampe Noir;;;el Caballo de Mar Negro;;;;;;;;;x
nick_the_white_seahorse;the White Seahorse;l'Hippocampe Blanc;;;el Caballo de Mar Blanco;;;;;;;;;x
nick_the_crazed_seahorse;the Mad Seahorse;l'Hippocampe Fou;;;el Caballo de Mar Loco;;;;;;;;;x
nick_the_wild_seahorse;the Wroth Seahorse;l'Hippocampe Sauvage;;;el Caballo de Mar Salvaje;;;;;;;;;x
nick_the_harmless_seahorse;the Red Seahorse;l'Hippocampe Inoffensif;;;el Caballo de Mar Inofensivo;;;;;;;;;x
nick_the_big_seahorse;the Big Seahorse;le Grand Hippocampe;;;el Gran Caballo de Mar;;;;;;;;;x
nick_the_strong_seahorse;the Strong Seahorse;l'Hippocampe Vigoureux;;;el Caballo de Mar Vigoroso;;;;;;;;;x
nick_the_charming_seahorse;the Fair Seahorse;le Charmant Hippocampe;;;el Caballo de Mar Apuesto;;;;;;;;;x
nick_the_grotesque_seahorse;the Ugly Seahorse;L'Hippocampe Ugly;;;la Mula de Mar;;;;;;;;;x
nick_the_little_seahorse;the Small Seahorse;le Petit Hippocampe;;;el Caballito de Mar;;;;;;;;;x
nick_the_wise_seahorse;the Sage Seahorse;l'Hippocampe Sage;;;el Caballo de Mar Sabio;;;;;;;;;x
nick_the_simple_seahorse;the Slow Seahorse;l'Hippocampe Stupide;;;el Asno de Mar;;;;;;;;;x
nick_the_learned_seahorse;the Dark Seahorse;l'Hippocampe Érudit;;;el Caballo de Mar Erudito;;;;;;;;;x
nick_the_delicate_seahorse;the Soft Seahorse;l'Hippocampe Délicat;;;el Caballo de Mar Frágil;;;;;;;;;x
nick_the_suspicious_seahorse;the Great Seahorse;l'Hippocampe Empoisonné;;;el Caballo de Mar Venenoso;;;;;;;;;x
nick_the_headstrong_seahorse;the Old Seahorse;l'Hippocampe Inflexible;;;el Caballo de Mar Tozudo;;;;;;;;;x
nick_the_laughing_seahorse;the Laughing Seahorse;l'Hippocampe Rieur;;;el Caballo de Mar Alegre;;;;;;;;;x
nick_the_seahorse_knight;the Seahorse[This.GetNicknameWarrior];le Chevalier-Hippocampe;;;el Caballo de Mar [This.GetNicknameWarrior];;;;;;;;;x
######Brax Nicknames;;;;;;;;;;;;;;x
nick_the_black_unicorn;the Black Unicorn;l'Unicorne Noir;;;el Unicornio Negro;;;;;;;;;x
nick_the_white_unicorn;the White Unicorn;l'Unicorne Blanc;;;el Unicornio Blanco;;;;;;;;;x
nick_the_crazed_unicorn;the Mad Unicorn;l'Unicorne Fou;;;el Unicornio Loco;;;;;;;;;x
nick_the_wild_unicorn;the Angry Unicorn;l'Unicorne Sauvage;;;el Unicornio Salvaje;;;;;;;;;x
nick_the_harmless_unicorn;the Red Unicorn;Sans-Corne;;;el Sin Cuerno;;;;;;;;;x
nick_the_big_unicorn;the Big Unicorn;le Grand Unicorne;;;el Gran Unicornio;;;;;;;;;x
nick_the_strong_unicorn;the Strong Unicorn;l'Unicorne Vigoureux;;;el Unicornio Vigoroso;;;;;;;;;x
nick_the_charming_unicorn;the Golden Unicorn;le Charmant Unicorne;;;el Unicornio Apuesto;;;;;;;;;x
nick_the_grotesque_unicorn;the Ugly Unicorn;le Poney Cornu;;;el Unicornio Grotesco;;;;;;;;;x
nick_the_little_unicorn;the Small Unicorn;le Petit Unicorne;;;el Pequeño Unicornio;;;;;;;;;x
nick_the_wise_unicorn;the Wise Unicorn;l'Unicorne Sage;;;el Unicornio Sabio;;;;;;;;;x
nick_the_simple_unicorn;the Hornless Unicorn;l'Unicorne Stupide;;;el Unicornio Estúpido;;;;;;;;;x
nick_the_learned_unicorn;the Dark Unicorn;l'Unicorne Érudit;;;el Unicornio Erudito;;;;;;;;;x
nick_the_delicate_unicorn;the Weak Unicorn;l'Unicorne Délicat;;;el Unicornio Frágil;;;;;;;;;x
nick_the_suspicious_unicorn;the Silver Unicorn;l'Unicorne de Sang;;;el Unicornio Sangriento;;;;;;;;;x
nick_the_headstrong_unicorn;the Old Unicorn;l'Unicorne Inflexible;;;el Viejo Unicornio;;;;;;;;;x
nick_the_laughing_unicorn;the Laughing Unicorn;l'Unicorne Rieur;;;el Unicornio Sonriente;;;;;;;;;x
nick_the_unicorn_knight;the Unicorn[This.GetNicknameWarrior];le Chevalier-Unicorne;;;el Unicornio [This.GetNicknameWarrior];;;;;;;;;x
######Lydden Nicknames;;;;;;;;;;;;;;x
nick_the_black_badger;Blackbadger;le Blaireau Noir;;;el Tejón Negro;;;;;;;;;x
nick_the_white_badger;the White Badger;le Blaireau Blanc;;;el Tejón Blanco;;;;;;;;;x
nick_the_crazed_badger;the Mad Badger;le Blaireau Fou;;;el Tejón Loco;;;;;;;;;x
nick_the_wild_badger;Wrothbadger;le Blaireau Sauvage;;;el Tejón Salvaje;;;;;;;;;x
nick_the_harmless_badger;the Red Badger;le Blaireau Édenté;;;el Tejón Mellado;;;;;;;;;x
nick_the_big_badger;Bigbadger;le Grand Blaireau;;;el Gran Tejón;;;;;;;;;x
nick_the_strong_badger;Strongbadger;le Blaireau Vigoureux;;;el Tejón Vigoroso;;;;;;;;;x
nick_the_charming_badger;the Fair Badger;le Charmant Blaireau;;;el Tejón Apuesto;;;;;;;;;x
nick_the_grotesque_badger;Badgerface;le Blaireau Ugly;;;el Tejón Grotesco;;;;;;;;;x
nick_the_little_badger;Smallbadger;le Blaireautin;;;el Pequeño Tejón;;;;;;;;;x
nick_the_wise_badger;Brightbadger;le Blaireau Sage;;;el Tejón Astuto;;;;;;;;;x
nick_the_simple_badger;Simplebadger;le Blaireau Stupide;;;el Tejón Estúpido;;;;;;;;;x
nick_the_learned_badger;Darkbadger;le Blaireau Érudit;;;el Tejón Erudito;;;;;;;;;x
nick_the_delicate_badger;the Weak Badger;le Blaireau Délicat;;;el Tejón Delicado;;;;;;;;;x
nick_the_suspicious_badger;the Silver Badger;le Blaireau Empoisonné;;;el Tejón Venenoso;;;;;;;;;x
nick_the_headstrong_badger;the Old Badger;le Blaireau Inflexible;;;el Viejo Tejón;;;;;;;;;x
nick_the_laughing_badger;the Laughing Badger;le Blaireau Rieur;;;el Tejón Guasón;;;;;;;;;x
nick_the_badger_knight;the Badger[This.GetNicknameWarrior];le Chevalier-Blaireau;;;el Tejón [This.GetNicknameWarrior];;;;;;;;;x
######Westerling Nicknames;;;;;;;;;;;;;;x
nick_the_black_shell;Blackshell;le Coquillage Noir;;;la Concha Negra;;;;;;;;;x
nick_the_white_shell;the White Shell;le Coquillage Blanc;;;la Concha Blanca;;;;;;;;;x
nick_the_crazed_shell;the Mad Shell;le Coquillage Fou;;;la Concha Loca;;;;;;;;;x
nick_the_wild_shell;Furyshell;le Coquillage Sauvage;;;la Concha Salvaje;;;;;;;;;x
nick_the_harmless_shell;Redshell;le Coquillage Paisible;;;la Concha Apacible;;;;;;;;;x
nick_the_big_shell;Bigshell;le Grand Coquillage;;;la Gran Concha;;;;;;;;;x
nick_the_strong_shell;Strongshell;le Coquillage Vigoureux;;;la Concha Indestructible;;;;;;;;;x
nick_the_charming_shell;the Pearl;le Charmant Coquillage;;;la Concha Brillante;;;;;;;;;x
nick_the_grotesque_shell;the Odd Shell;le Coquillage Ugly;;;el Mejillón;;;;;;;;;x
nick_the_little_shell;Smallshell;le Petit Coquillage;;;la Pequeña Concha;;;;;;;;;x
nick_the_wise_shell;Sharpshell;le Coquillage Sage;;;la Concha Astuta;;;;;;;;;x
nick_the_simple_shell;the Dull Shell;le Coquillage Brisé;;;la Concha Abierta;;;;;;;;;x
nick_the_learned_shell;Darkshell;le Coquillage Érudit;;;la Concha Erudita;;;;;;;;;x
nick_the_delicate_shell;Softshell;le Coquillage Délicat;;;la Concha Frágil;;;;;;;;;x
nick_the_suspicious_shell;the Silver Shell;le Coquillage Vicieux;;;la Concha Venenosa;;;;;;;;;x
nick_the_headstrong_shell;the Old Shell;le Coquillage Inflexible;;;la Concha Tozuda;;;;;;;;;x
nick_the_laughing_shell;the Laughing Shell;le Coquillage Rieur;;;la Concha Sonriente;;;;;;;;;x
nick_the_shell_knight;the Shell[This.GetNicknameWarrior];le Chevalier-Coquillage;;;el [This.GetNicknameWarrior] de las Conchas;;;;;;;;;x
######Prester Nicknames;;;;;;;;;;;;;;x
nick_the_black_ox;Blackox;le Bœuf Noir;;;el Buey Negro;;;;;;;;;x
nick_the_white_ox;the White Ox;le Bœuf Blanc;;;el Buey Blanco;;;;;;;;;x
nick_the_crazed_ox;the Raging Ox;le Bœuf Fou;;;el Buey Loco;;;;;;;;;x
nick_the_wild_ox;the Wroth Ox;le Bœuf Sauvage;;;el Buey Salvaje;;;;;;;;;x
nick_the_harmless_ox;the Red Ox;le Bœuf Sans-Cornes;;;el Buey Sin Cuernos;;;;;;;;;x
nick_the_big_ox;Bigox;le Grand Bœuf;;;el Gran Buey;;;;;;;;;x
nick_the_strong_ox;Strongox;l'Auroch;;;el Uro;;;;;;;;;x
nick_the_charming_ox;the Fair Bull;le Bœuf Charmant;;;el Buey Apuesto;;;;;;;;;x
nick_the_grotesque_ox;the Ugly Ox;la Vachette;;;la Vaquilla;;;;;;;;;x
nick_the_little_ox;Smallox;le Petit Bœuf ;;;el Pequeño Buey;;;;;;;;;x
nick_the_wise_ox;Brightox;le Bœuf Sage;;;el Buey Sabio;;;;;;;;;x
nick_the_simple_ox;the Hornless Ox;le Bœuf Stupide;;;el Buey Estúpido;;;;;;;;;x
nick_the_learned_ox;Darkox;le Bœuf Érudit;;;el Buey Erudito;;;;;;;;;x
nick_the_delicate_ox;the Weak Ox;le Bœuf Délicat;;;el Buey Delicado;;;;;;;;;x
nick_the_suspicious_ox;the Silver Ox;le Bœuf Sanglant;;;el Buey Envenenado;;;;;;;;;x
nick_the_headstrong_ox;the Old Ox;le Bœuf Inflexible;;;el Viejo Buey;;;;;;;;;x
nick_the_laughing_ox;the Laughing Ox;le Bœuf Rieur;;;el Buey Burlón;;;;;;;;;x
nick_the_ox_knight;the Ox[This.GetNicknameWarrior];le Chevalier-Bœuf ;;;el Buey [This.GetNicknameWarrior];;;;;;;;;x
######Serret Nicknames;;;;;;;;;;;;;;x
nick_the_black_peacock;the Black Peacock;le Paon Noir;;;el Pavo Negro;;;;;;;;;x
nick_the_white_peacock;the White Peacock;le Paon Blanc;;;el Pavo Blanco;;;;;;;;;x
nick_the_crazed_peacock;the Mad Peacock;le Paon Fou;;;el Pavo Loco;;;;;;;;;x
nick_the_wild_peacock;the Wroth Peacock;le Paon Sauvage;;;el Pavo Salvaje;;;;;;;;;x
nick_the_harmless_peacock;the Red Peacock;le Paon Sans-Bec;;;el Pavo Desplumado;;;;;;;;;x
nick_the_big_peacock;the Big Peacock;le Grand Paon;;;el Gran Pavo;;;;;;;;;x
nick_the_strong_peacock;the Strong Peacock;le Paon Vigoureux;;;el Pavo Real;;;;;;;;;x
nick_the_charming_peacock;the Fair Peacock;le Charmant Paon;;;el Pavo Tranquilo;;;;;;;;;x
nick_the_grotesque_peacock;the Ugly Peacock;le Dindon;;;el Pavo Tronchado;;;;;;;;;x
nick_the_little_peacock;the Small Peacock;le Petit Paon;;;el Pequeño Pavo;;;;;;;;;x
nick_the_wise_peacock;the Wise Peacock;le Paon Sage;;;el Pavo Astuto;;;;;;;;;x
nick_the_simple_peacock;the Dim Peacock;le Paon Simplet;;;el Pavito;;;;;;;;;x
nick_the_learned_peacock;the Dark Peacock;le Paon Érudit;;;el Pavo Erudito;;;;;;;;;x
nick_the_delicate_peacock;the Weak Peacock;le Paon Délicat;;;el Pavo Delicado;;;;;;;;;x
nick_the_suspicious_peacock;the Silver Peacock;le Paon Vicieux;;;el Pavo Emponzoñado;;;;;;;;;x
nick_the_headstrong_peacock;the Old Peacock;le Paon Inflexible;;;el Pavo Tozudo;;;;;;;;;x
nick_the_laughing_peacock;the Laughing Peacock;le Paon Rieur;;;el Pavo Colorido;;;;;;;;;x
nick_the_peacock_knight;the[This.GetNicknameWarrior] of Peacocks;le Chevalier-Paon;;;el Pavo [This.GetNicknameWarrior];;;;;;;;;x
######Cafferen Nicknames;;;;;;;;;;;;;;x
nick_the_black_fawn;the Black Fawn;le Faon Noir;;;el Cervatillo Negro;;;;;;;;;x
nick_the_white_fawn;the White Fawn;le Faon Blanc;;;el Cervatillo Blanco;;;;;;;;;x
nick_the_crazed_fawn;the Raging Fawn;le Faon Fou;;;el Cervatillo Loco;;;;;;;;;x
nick_the_wild_fawn;the Angry Fawn;le Faon Sauvage;;;el Cervatillo Salvaje;;;;;;;;;x
nick_the_harmless_fawn;Redfawn;le Faon Inoffensif;;;el Cervatillo Inocente;;;;;;;;;x
nick_the_big_fawn;the Big Fawn;le Grand Faon;;;el Gran Cervato;;;;;;;;;x
nick_the_strong_fawn;the Strong Fawn;le Faon Invincible;;;el Cervato Invencible;;;;;;;;;x
nick_the_charming_fawn;the Fair Fawn;le Charmant Faon;;;el Cervatillo Apuesto;;;;;;;;;x
nick_the_grotesque_fawn;the Ugly Fawn;le Faon Ugly;;;el Cervato Tullido;;;;;;;;;x
nick_the_little_fawn;the Small Fawn;le Petit Faon;;;el Pequeño Cervatillo;;;;;;;;;x
nick_the_wise_fawn;the Wise Fawn;le Faon Sage;;;el Cervatillo Astuto;;;;;;;;;x
nick_the_simple_fawn;the Dim Fawn;le Faon Simplet;;;el Cervatillo Despistado;;;;;;;;;x
nick_the_learned_fawn;Darkfawn;le Faon Érudit;;;el Cervatillo Erudito;;;;;;;;;x
nick_the_delicate_fawn;the Feeble Fawn;le Faon Délicat;;;el Cervatillo Delicado;;;;;;;;;x
nick_the_suspicious_fawn;the Silver Fawn;le Faon Empoisonné;;;el Cervatillo Emponzoñado;;;;;;;;;x
nick_the_headstrong_fawn;the Old Fawn;le Faon Inflexible;;;el Viejo Cervatillo;;;;;;;;;x
nick_the_laughing_fawn;the Laughing Fawn;le Faon Rieur;;;el Cervatillo Alegre;;;;;;;;;x
nick_the_fawn_knight;the Fawn[This.GetNicknameWarrior];le Chevalier-Faon;;;el Cervatillo [This.GetNicknameWarrior];;;;;;;;;x
######Dondarion Nicknames;;;;;;;;;;;;;;x
nick_the_black_lightning;Blackbolt;l'Éclair Noir;;;el Rayo Negro;;;;;;;;;x
nick_the_white_lightning;White Lightning;l'Éclair Blanc;;;el Rayo Blanco;;;;;;;;;x
nick_the_crazed_lightning;the Lightning Storm;l'Éclair Fou;;;el Rayo Loco;;;;;;;;;x
nick_the_wild_lightning;the Stormcloud;l'Éclair Sauvage;;;el Rayo Silvestre;;;;;;;;;x
nick_the_harmless_lightning;Redbolt;Sans-Foudre;;;el Trueno;;;;;;;;;x
nick_the_big_lightning;the Lightning Bolt;le Grand Éclair;;;el Gran Rayo;;;;;;;;;x
nick_the_strong_lightning;Strongbolt;le Puissant Éclair;;;el Rayo Estruendoso;;;;;;;;;x
nick_the_charming_lightning;Fairbolt;le Charmant Éclair;;;el Rayo Brillante;;;;;;;;;x
nick_the_grotesque_lightning;the Ugly Bolt;Sans-Tonnerre;;;el Rayo Callado;;;;;;;;;x
nick_the_little_lightning;Littlebolt;le Petit Éclair;;;el Pequeño Rayo;;;;;;;;;x
nick_the_wise_lightning;Brightbolt;l'Éclair Sage;;;el Rayo Astuto;;;;;;;;;x
nick_the_simple_lightning;the Dimbolt;l'Éclair Brisé;;;el Rayo Apagado;;;;;;;;;x
nick_the_learned_lightning;Darkbolt;l'Éclairé;;;el Rayo Erudito;;;;;;;;;x
nick_the_delicate_lightning;Softbolt;l'Éclair Délicat;;;el Rayo Frágil;;;;;;;;;x
nick_the_suspicious_lightning;Silverbolt;l'Éclair Mortel;;;el Rayo Mortal;;;;;;;;;x
nick_the_headstrong_lightning;Greybolt;l'Éclair Inflexible;;;el Rayo Inflexible;;;;;;;;;x
nick_the_laughing_lightning;the Laughing Bolt;l'Éclair Rieur;;;el Rayo Sonriente;;;;;;;;;x
nick_the_lightning_knight;the Lightning[This.GetNicknameWarrior];le Chevalier-Éclair;;;el [This.GetNicknameWarrior] del Rayo;;;;;;;;;x
######Ambrose Nicknames;;;;;;;;;;;;;;x
nick_the_black_ant;the Black Ant;la Fourmi Noir;;;la Hormiga Negra;;;;;;;;;x
nick_the_white_ant;the White Ant;la Fourmi Blanche;;;la Hormiga Blanca;;;;;;;;;x
nick_the_crazed_ant;the Mad Ant;la Fourmi Folle;;;la Hormiga Loca;;;;;;;;;x
nick_the_wild_ant;the Angry Ant;la Fourmi Sauvage;;;la Hormiga Salvaje;;;;;;;;;x
nick_the_harmless_ant;the Red Ant;la Fourmi Inoffensive;;;la Hormiga Inofensiva;;;;;;;;;x
nick_the_big_ant;the Anthill;la Grande Fourmi;;;la Gran Hormiga;;;;;;;;;x
nick_the_strong_ant;Strongant;la Fourmi Guerrière;;;la Hormiga Guerrera;;;;;;;;;x
nick_the_charming_ant;the Fair Ant;la Charmante Fourmi;;;la Hormiga Apuesta;;;;;;;;;x
nick_the_grotesque_ant;the Ugly Ant;la Fourmi Ugly;;;la Hormiga Grotesca;;;;;;;;;x
nick_the_little_ant;the Tiny Ant;la Petite Fourmi;;;la Pequeña Hormiga;;;;;;;;;x
nick_the_wise_ant;the Able Ant;la Fourmi Sage;;;la Hormiga Recolectora;;;;;;;;;x
nick_the_simple_ant;the Dull Ant;l'Ouvrière;;;la Hormiga Obrera;;;;;;;;;x
nick_the_learned_ant;the Dark Ant;la Fourmi Érudite;;;la Hormiga Erudita;;;;;;;;;x
nick_the_delicate_ant;the Weak Ant;la Fourmi Délicate;;;la Hormiga Frágil;;;;;;;;;x
nick_the_suspicious_ant;the Silver Ant;la Fourmi Rouge;;;la Hormiga Roja;;;;;;;;;x
nick_the_headstrong_ant;the Old Ant;la Fourmi Inflexible;;;la Hormiga Inflexible;;;;;;;;;x
nick_the_laughing_ant;the Laughing Ant;la Fourmi Rieuse;;;la Hormiga Alegre;;;;;;;;;x
nick_the_ant_knight;the Ant[This.GetNicknameWarrior];le Chevalier-Fourmi;;;el [This.GetNicknameWarrior] Hormiga;;;;;;;;;x
######Caswell Nicknames;;;;;;;;;;;;;;x
nick_the_black_centaur;the Black Centaur;le Centaure Noir;;;el Centauro Negro;;;;;;;;;x
nick_the_white_centaur;the White Centaur;le Centaure Blanc;;;el Centauro Blanco;;;;;;;;;x
nick_the_crazed_centaur;the Raging Centaur;le Centaure Fou;;;el Centauro Loco;;;;;;;;;x
nick_the_wild_centaur;the Moody Centaur;le Centaure Sauvage;;;el Centauro Salvaje;;;;;;;;;x
nick_the_harmless_centaur;the Red Centaur;le Centaure Paisible;;;el Centauro Apacible;;;;;;;;;x
nick_the_big_centaur;the Big Centaur;le Grand Centaure;;;el Gran Centauro;;;;;;;;;x
nick_the_strong_centaur;the Strong Centaur;le Puissant Centaure;;;el Centauro Poderoso;;;;;;;;;x
nick_the_charming_centaur;the Noble Centaur;le Charmant Centaure;;;el Centauro Apuesto;;;;;;;;;x
nick_the_grotesque_centaur;the Ugly Centaur;l'Homme-Poney;;;el Centauro Grotesco;;;;;;;;;x
nick_the_little_centaur;the Small Centaur;le Petit Centaure;;;el Pequeño Centauro;;;;;;;;;x
nick_the_wise_centaur;the Wise Centaur;le Centaure Sage;;;el Centauro Sabio;;;;;;;;;x
nick_the_simple_centaur;the Dim Centaur;le Centaure Simplet;;;el Centauro Simple;;;;;;;;;x
nick_the_learned_centaur;the Dark Centaur;le Centaure Érudit;;;el Centauro Erudito;;;;;;;;;x
nick_the_delicate_centaur;the Lame Centaur;le Centaure Délicat;;;el Centauro Delicado;;;;;;;;;x
nick_the_suspicious_centaur;the Silver Centaur;le Centaure Méfiant;;;el Centauro Desconfiado;;;;;;;;;x
nick_the_headstrong_centaur;the Old Centaur;le Centaure Inflexible;;;el Viejo Centauro;;;;;;;;;x
nick_the_laughing_centaur;the Laughing Centaur;le Centaure Rieur;;;el Centauro Burlón;;;;;;;;;x
nick_the_centaur_knight;the Centaur[This.GetNicknameWarrior];le Chevalier-Centaure;;;el Centauro [This.GetNicknameWarrior];;;;;;;;;x
######Beesbury Nicknames;;;;;;;;;;;;;;x
nick_the_black_bee;Blackbee;l'Abeille Noire;;;la Abeja Negra;;;;;;;;;x
nick_the_white_bee;Whitebee;l'Abeille Blanche;;;la Abeja Blanca;;;;;;;;;x
nick_the_crazed_bee;the Stinging Bee;l'Abeille Folle;;;la Abeja Loca;;;;;;;;;x
nick_the_wild_bee;the Waspish Bee;l'Abeille Sauvage;;;la Abeja Salvaje;;;;;;;;;x
nick_the_harmless_bee;the Red Bee;le Bourdon;;;el Zángano;;;;;;;;;x
nick_the_big_bee;Bigbee;la Grande Abeille;;;el Abejorro;;;;;;;;;x
nick_the_strong_bee;Strongbee;la Guêpe;;;la Abeja Guardián;;;;;;;;;x
nick_the_charming_bee;the Fair Bee;la Charmante Abeille;;;la Abeja Brillante;;;;;;;;;x
nick_the_grotesque_bee;the Ugly Bee;l'Abeille Ugly;;;la Abeja Grotesca;;;;;;;;;x
nick_the_little_bee;Smallbee;la Petite Abeille;;;la Pequeña Abeja;;;;;;;;;x
nick_the_wise_bee;Brightbee;l'Abeille Sage;;;la Abeja Sabia;;;;;;;;;x
nick_the_simple_bee;the Stingless;l'Abeille Stupide;;;la Abeja Estúpida;;;;;;;;;x
nick_the_learned_bee;Darkbee;l'Abeille Érudite;;;la Abeja Erudita;;;;;;;;;x
nick_the_delicate_bee;the Weak Bee;l'Abeille Délicate;;;la Abeja Delicada;;;;;;;;;x
nick_the_suspicious_bee;the Silver Bee;le Frelon;;;la Abeja Emponzoñada;;;;;;;;;x
nick_the_headstrong_bee;the Old Bee;l'Abeille Inflexible;;;la Abeja Inflexible;;;;;;;;;x
nick_the_laughing_bee;the Laughing Bee;l'Abeille Rieuse;;;la Abeja Graciosa;;;;;;;;;x
nick_the_bee_knight;the Bee[This.GetNicknameWarrior];le Chevalier-Abeille;;;el [This.GetNicknameWarrior] Abeja;;;;;;;;;x
######Mullendore Nicknames;;;;;;;;;;;;;;x
nick_the_black_butterfly;the Black Butterfly;le Papillon Noir;;;la Mariposa Negra;;;;;;;;;x
nick_the_white_butterfly;the White Butterfly;le Papillon Blanc;;;la Mariposa Blanca;;;;;;;;;x
nick_the_crazed_butterfly;the Mad Butterfly;le Papillon Fou;;;la Mariposa Loca;;;;;;;;;x
nick_the_wild_butterfly;the Angry Butterfly;le Papillon Sauvage;;;la Mariposa Salvaje;;;;;;;;;x
nick_the_harmless_butterfly;the Red Butterfly;le Papillon Sans-Ailes;;;la Polilla;;;;;;;;;x
nick_the_big_butterfly;the Big Butterfly;le Grand Papillon;;;el Mariposón;;;;;;;;;x
nick_the_strong_butterfly;the Strong Butterfly;le Papillon Vigoureux;;;la Mariposa Vigorosa;;;;;;;;;x
nick_the_charming_butterfly;the Beautiful Butterfly;le Charmant Papillon;;;la Mariposa Bonita;;;;;;;;;x
nick_the_grotesque_butterfly;the Ugly Butterfly;le Papillon Ugly;;;el Pavón;;;;;;;;;x
nick_the_little_butterfly;the Small Butterfly;le Petit Papillon;;;la Pequeña Mariposa;;;;;;;;;x
nick_the_wise_butterfly;the Wise Butterfly;le Papillon Sage;;;la Mariposa Sabia;;;;;;;;;x
nick_the_simple_butterfly;the Dull Butterfly;le Papillon Simplet;;;la Oruga;;;;;;;;;x
nick_the_learned_butterfly;the Dark Butterfly;le Papillon Érudit;;;la Mariposa Erudita;;;;;;;;;x
nick_the_delicate_butterfly;the Weak Butterfly;le Papillon Délicat;;;la Mariposa Frágil;;;;;;;;;x
nick_the_suspicious_butterfly;the Silver Butterfly;le Papillon de Nuit;;;la Mariposa Nocturna;;;;;;;;;x
nick_the_headstrong_butterfly;the Old Butterfly;le Papillon Inflexible;;;la Mariposa Inflexible;;;;;;;;;x
nick_the_laughing_butterfly;the Laughing Butterfly;le Papillon Rieur;;;la Mariposa Guasona;;;;;;;;;x
nick_the_butterfly_knight;the Butterfly[This.GetNicknameWarrior];le Chevalier-Papillon;;;el [This.GetNicknameWarrior] Mariposa;;;;;;;;;x
######Webber Nicknames;;;;;;;;;;;;;;x
nick_the_black_spider;the Black Spider;l'Araignée Noire;;;la Araña Negra;;;;;;;;;x
nick_the_white_spider;the White Spider;l'Araignée Blanche;;;la Araña Blanca;;;;;;;;;x
nick_the_crazed_spider;Mad Spider;l'Araignée Folle;;;la Araña Loca;;;;;;;;;x
nick_the_wild_spider;the Angry Spider;l'Araignée Sauvage;;;la Araña Salvaje;;;;;;;;;x
nick_the_harmless_spider;the Red Spider;l'Araignée Sans-Dard;;;la Araña Inofensiva;;;;;;;;;x
nick_the_big_spider;the Big Spider;la Grande Araignée;;;la Gran Araña;;;;;;;;;x
nick_the_strong_spider;the Strong Spider;la Tarentule;;;la Tarántula;;;;;;;;;x
nick_the_charming_spider;the Spelndid Spider;la Charmante Araignée;;;la Araña Apuesta;;;;;;;;;x
nick_the_grotesque_spider;Spiderface;l'Araignée Ugly;;;la Araña Grotesca;;;;;;;;;x
nick_the_little_spider;the Small Spider;la Petite Araignée;;;la Pequeña Araña;;;;;;;;;x
nick_the_wise_spider;Brightspider;l'Araignée Sage;;;la Araña Sabia;;;;;;;;;x
nick_the_simple_spider;the Simple Spider;l'Araignée Stupide;;;la Araña Estúpida;;;;;;;;;x
nick_the_learned_spider;Darkspider;l'Araignée Érudite;;;la Araña Erudita;;;;;;;;;x
nick_the_delicate_spider;the Soft Spider;l'Araignée Délicate;;;la Araña Delicada;;;;;;;;;x
nick_the_suspicious_spider;the Silver Spider;la Veuve Noire;;;la Viuda Negra;;;;;;;;;x
nick_the_headstrong_spider;the Old Spider;l'Araignée Inflexible;;;la Araña Inflexible;;;;;;;;;x
nick_the_laughing_spider;the Laughing Spider;l'Araignée Rieuse;;;la Araña Sonriente;;;;;;;;;x
nick_the_spider_knight;the Spider[This.GetNicknameWarrior];le Chevalier-Araignée;;;el [This.GetNicknameWarrior] Araña;;;;;;;;;x
######Varner Nicknames;;;;;;;;;;;;;;x
nick_the_black_weasel;the Black Weasel;la Belette Noire;;;la Comadreja Negra;;;;;;;;;x
nick_the_white_weasel;the White Weasel;la Belette Blanche;;;la Comadreja Blanca;;;;;;;;;x
nick_the_crazed_weasel;Mad Weasel;la Belette Folle;;;la Comadreja Loca;;;;;;;;;x
nick_the_wild_weasel;the Wroth Weasel;la Belette Sauvage;;;la Comadreja Salvaje;;;;;;;;;x
nick_the_harmless_weasel;the Red Weasel;la Belette Inoffensive;;;la Comadreja Inofensiva;;;;;;;;;x
nick_the_big_weasel;the Big Weasel;la Grande Belette;;;la Gran Comadreja;;;;;;;;;x
nick_the_strong_weasel;the Strong Weasel;la Belette Vigoureuse;;;la Comadreja Vigorosa;;;;;;;;;x
nick_the_charming_weasel;the Fair Weasel;la Charmante Belette;;;la Comadreja Apuesta;;;;;;;;;x
nick_the_grotesque_weasel;Weaselface;la Belette Ugly;;;la Comadreja Grotesca;;;;;;;;;x
nick_the_little_weasel;the Small Weasel;la Petite Belette;;;la Pequeña Comadreja;;;;;;;;;x
nick_the_wise_weasel;the Wise Weasel;la Belette Sage;;;la Comadreja Sabia;;;;;;;;;x
nick_the_simple_weasel;the Witless Weasel;la Belette Stupide;;;la Comadreja Estúpida;;;;;;;;;x
nick_the_learned_weasel;Darkweasel;la Belette Érudite;;;la Comadreja Erudita;;;;;;;;;x
nick_the_delicate_weasel;the Weak Weasel;la Belette Délicate;;;la Comadreja Delicada ;;;;;;;;;x
nick_the_suspicious_weasel;the Silver Weasel;la Belette Méfiante;;;la Comadreja Desconfiada;;;;;;;;;x
nick_the_headstrong_weasel;the Old Weasel;la Belette Inflexible;;;la Vieja Comadreja;;;;;;;;;x
nick_the_laughing_weasel;the Laughing Weasel;la Belette Rieuse;;;la Comadreja Sonriente;;;;;;;;;x
nick_the_weasel_knight;the Weasel[This.GetNicknameWarrior];le Chevalier-Belette;;;el [This.GetNicknameWarrior] Comadreja;;;;;;;;;x
######Qorgyle Nicknames;;;;;;;;;;;;;;x
nick_the_black_scorpion;the Black Scorpion;le Scorpion Noir;;;el Escorpión Negro;;;;;;;;;x
nick_the_white_scorpion;the White Scorpion;le Scorpion Blanc;;;el Escorpión Blanco;;;;;;;;;x
nick_the_crazed_scorpion;the Stinging Scorpion;le Scorpion Fou;;;el Escorpión Loco;;;;;;;;;x
nick_the_wild_scorpion;the Prickly Scorpion;le Scorpion Sauvage;;;el Escorpión Salvaje;;;;;;;;;x
nick_the_harmless_scorpion;the Red Scorpion;le Scorpion Sans-Dard;;;el Escorpión Inofensivo;;;;;;;;;x
nick_the_big_scorpion;the Big Scorpion;le Grand Scorpion;;;el Gran Escorpión;;;;;;;;;x
nick_the_strong_scorpion;the Strong Scorpion;le Scorpion Dangereux;;;el Alacrán;;;;;;;;;x
nick_the_charming_scorpion;the Fine Scorpion;le Charmant Scorpion;;;el Escorpión Apuesto;;;;;;;;;x
nick_the_grotesque_scorpion;the Ugly Scorpion;le Scorpion Ugly;;;el Escorpión Grotesco;;;;;;;;;x
nick_the_little_scorpion;the Small Scorpion;le Petit Scorpion;;;el Pequeño Escorpión;;;;;;;;;x
nick_the_wise_scorpion;the Sharp Scorpion;le Scorpion Sage;;;el Escorpión Sabio;;;;;;;;;x
nick_the_simple_scorpion;the Slow Scorpion;le Scorpion Simplet;;;el Escorpión Simplón;;;;;;;;;x
nick_the_learned_scorpion;the Dark Scorpion;le Scorpion Érudit;;;el Escorpión Erudito;;;;;;;;;x
nick_the_delicate_scorpion;the Soft Scorpion;le Scorpion Délicat;;;el Escorpión Delicado;;;;;;;;;x
nick_the_suspicious_scorpion;the Silver Scorpion;le Scorpion Venimeux;;;el Escorpión Venenoso;;;;;;;;;x
nick_the_headstrong_scorpion;the Old Scorpion;le Scorpion Inflexible;;;el Viejo Escorpión;;;;;;;;;x
nick_the_laughing_scorpion;the Laughing Scorpion;le Scorpion Rieur;;;el Escorpión Sonriente;;;;;;;;;x
nick_the_scorpion_knight;the Scorpion[This.GetNicknameWarrior];le Chevalier-Scorpion;;;el Escorpión [This.GetNicknameWarrior];;;;;;;;;x
######Vaith Nicknames;;;;;;;;;;;;;;x
nick_the_black_leopard;the Black Leopard;le Léopard Noir;;;el Leopardo Negro;;;;;;;;;x
nick_the_white_leopard;the White Leopard;le Léopard Blanc;;;el Leopardo Blanco;;;;;;;;;x
nick_the_crazed_leopard;Mad Leopard;le Léopard Fou;;;el Leopardo Loco;;;;;;;;;x
nick_the_wild_leopard;the Moody Leopard;le Léopard Sauvage;;;el Leopardo Salvaje;;;;;;;;;x
nick_the_harmless_leopard;the Red Leopard;le Léopard Edenté;;;el Leopardo Mellado;;;;;;;;;x
nick_the_big_leopard;the Big Leopard;le Grand Léopard;;;el Gran Leopardo;;;;;;;;;x
nick_the_strong_leopard;the Strong Leopard;le Léopard Vigoureux;;;el Leopardo Vigoroso;;;;;;;;;x
nick_the_charming_leopard;the Fair Leopard;le Charmant Léopard;;;el Leopardo Apuesto;;;;;;;;;x
nick_the_grotesque_leopard;the Ugly Leopard;le Chat Tâcheté;;;el Gato Manchado;;;;;;;;;x
nick_the_little_leopard;the Small Leopard;le Petit Léopard;;;el Pequeño Leopardo;;;;;;;;;x
nick_the_wise_leopard;the Wise Leopard;le Léopard Sage;;;el Leopardo Sabio;;;;;;;;;x
nick_the_simple_leopard;the Dim Leopard;le Léopard Simplet;;;el Leopardo Simplón;;;;;;;;;x
nick_the_learned_leopard;the Dark Leopard;le Léopard Érudit;;;el Leopardo Erudito;;;;;;;;;x
nick_the_delicate_leopard;the Lame Leopard;le Léopard Délicat;;;el Leopardo Delicdo;;;;;;;;;x
nick_the_suspicious_leopard;the Silver Leopard;le Léopard Vicieux;;;el Leopardo Vicioso;;;;;;;;;x
nick_the_headstrong_leopard;the Old Leopard;le Léopard Inflexible;;;el Viejo Leopardo;;;;;;;;;x
nick_the_laughing_leopard;the Laughing Leopard;le Léopard Rieur;;;el Leopardo Sonriente;;;;;;;;;x
nick_the_leopard_knight;the Leopard[This.GetNicknameWarrior];le Chevalier-Léopard;;;el Leopardo [This.GetNicknameWarrior];;;;;;;;;x
nick_the_lionknight;the Lion[This.GetNicknameWarrior];le Chevalier-Lion;;;el León [This.GetNicknameWarrior];;;;;;;;;x
nick_the_crimsonknight;the Crimson[This.GetNicknameWarrior];le Chevalier-Pourpre;;;el [This.GetNicknameWarrior] Carmesí;;;;;;;;;x
nick_the_wolfknight;the Wolf[This.GetNicknameWarrior];le Chevalier-Loup;;;el Lobo [This.GetNicknameWarrior];;;;;;;;;x
nick_the_fireknight;the Fire[This.GetNicknameWarrior];le Chevalier-Feu;;;el [This.GetNicknameWarrior] Flameante;;;;;;;;;x
nick_the_stagknight;the Storm[This.GetNicknameWarrior];le Chevalier-Orage;;;el [This.GetNicknameWarrior] Astado;;;;;;;;;x
nick_the_spearknight;the[This.GetNicknameWarrior] of Spears;le Chevalier des Lances;;;el [This.GetNicknameWarrior] de las Lanzas;;;;;;;;;x
nick_the_sunknight;the Sun[This.GetNicknameWarrior];le Chevalier-Soleil;;;el [This.GetNicknameWarrior] del Sol;;;;;;;;;x
nick_the_roseknight;the Rose[This.GetNicknameWarrior];le Chevalier des Roses;;;el [This.GetNicknameWarrior] de las Rosas;;;;;;;;;x
nick_the_fishknight;the River[This.GetNicknameWarrior];le Chevalier-Poisson;;;el [This.GetNicknameWarrior] del Río;;;;;;;;;x
nick_the_krakenknight;the Iron[This.GetNicknameWarrior];le Chevalier-Seiche;;;el [This.GetNicknameWarrior] de Hierro ;;;;;;;;;x
nick_the_foxknight;the Fox[This.GetNicknameWarrior];le Chevalier-Renard;;;el Zorro [This.GetNicknameWarrior];;;;;;;;;x
nick_the_eagleknight;the Eagle[This.GetNicknameWarrior];le Chevalier-Faucon;;;el Halcón [This.GetNicknameWarrior];;;;;;;;;x
nick_the_bearknight;the Bear[This.GetNicknameWarrior];le Chevalier-Ours;;;el Oso [This.GetNicknameWarrior];;;;;;;;;x
nick_the_mermanknight;the Merman[This.GetNicknameWarrior];le Chevalier-Triton;;;el Tritón [This.GetNicknameWarrior];;;;;;;;;x
nick_the_towerknight;the Tower[This.GetNicknameWarrior];le Chevalier-Tour;;;el [This.GetNicknameWarrior] Torre;;;;;;;;;x
nick_the_griffinknight;the Griffin[This.GetNicknameWarrior];le Chevalier-Griffon;;;el Grifo [This.GetNicknameWarrior];;;;;;;;;x
nick_the_oakenknight;the Oaken[This.GetNicknameWarrior];le Chevalier-Rouvre;;;el Roble [This.GetNicknameWarrior];;;;;;;;;x
nick_the_appleknight;the Apple[This.GetNicknameWarrior];le Chevalier des Pommes;;;el [This.GetNicknameWarrior] de las Manzanas;;;;;;;;;x
nick_the_boarknight;the Boar[This.GetNicknameWarrior];le Chevalier-Sanglier;;;el Jabalí [This.GetNicknameWarrior];;;;;;;;;x
nick_the_houndknight;the Hound[This.GetNicknameWarrior];le Chevalier-Chien;;;el Sabueso [This.GetNicknameWarrior];;;;;;;;;x
nick_the_thornknight;the[This.GetNicknameWarrior] of Thorns;le Chevalier des Épines;;;el [This.GetNicknameWarrior] de las Espinas;;;;;;;;;x
nick_the_turtleknight;the Turtle[This.GetNicknameWarrior];le Chevalier-Tortue;;;el [This.GetNicknameWarrior] Tortuga;;;;;;;;;x
nick_the_swanknight;the Swan[This.GetNicknameWarrior];le Chevalier-Cygne;;;el Cisne [This.GetNicknameWarrior];;;;;;;;;x
nick_the_chequyknight;the Chequy[This.GetNicknameWarrior];;;;el [This.GetNicknameWarrior] Descarado;;;;;;;;;x
######Mallister Nicknames;;;;;;;;;;;;;;x
nick_the_black_eagle;the Black Falcon;le Faucon Noir;;;el Águila Negra;;;;;;;;;x
nick_the_white_eagle;the White Falcon;le Faucon Blanc;;;el Águila Blanca;;;;;;;;;x
nick_the_crazed_eagle;the Mad Falcon;le Faucon Fou;;;el Águila Blanca;;;;;;;;;x
nick_the_wild_eagle;the Angry Falcon;le Faucon Sauvage;;;el Águila Salvaje;;;;;;;;;x
nick_the_harmless_eagle;Redfalcon;le Sans-Serres;;;el Águila Sin Garras;;;;;;;;;x
nick_the_big_eagle;the Greathawk;le Grand Faucon;;;el Gran Águila;;;;;;;;;x
nick_the_strong_eagle;the Strong Falcon;l'Aigle;;;el Águila Imperial;;;;;;;;;x
nick_the_charming_eagle;the Golden Falcon;le Charmant Faucon;;;el Águila Apuesta;;;;;;;;;x
nick_the_grotesque_eagle;the Vulture;la Buse;;;el Águila Inofensiva;;;;;;;;;x
nick_the_little_eagle;the Smallhawk;le Fauconneau;;;el Aguilucho;;;;;;;;;x
nick_the_wise_eagle;Brightfalcon;le Faucon Sage;;;el Águila Sabia;;;;;;;;;x
nick_the_simple_eagle;the Talonless;le Faucon Simplet;;;el Águila Simplona;;;;;;;;;x
nick_the_learned_eagle;Darkfalcon;le Faucon Érudit;;;el Águila Erudita;;;;;;;;;x
nick_the_delicate_eagle;the Feeble Falcon;le Faucon Délicat;;;el Águila Delicada;;;;;;;;;x
nick_the_suspicious_eagle;Silverwing;Serres-Assérées;;;Garraserrada;;;;;;;;;x
nick_the_headstrong_eagle;the Old Falcon;le Faucon Inflexible;;;el Águila Vieja;;;;;;;;;x
nick_the_laughing_eagle;the Laughing Falcon;le Faucon Rieur;;;el Águila Sonriente;;;;;;;;;x
nick_the_falcon_knight;the Falcon[This.GetNicknameWarrior];le Chevalier-Faucon;;;el [This.GetNicknameWarrior] Águila;;;;;;;;;x
######Deddings Nicknames;;;;;;;;;;;;;;x
nick_the_black_ram;the Black Ram;le Bélier Noir;;;el Carnero Negro;;;;;;;;;x
nick_the_white_ram;the White Ram;le Bélier Blanc;;;el Carnero Blanco;;;;;;;;;x
nick_the_crazed_ram;the Rabid Ram;le Bélier Enragé;;;el Carnero Rabioso;;;;;;;;;x
nick_the_wild_ram;the Raging Ram;le Bélier Sauvage;;;el Carnero Salvaje;;;;;;;;;x
nick_the_harmless_ram;the Red Ram;le Bélier Sans-Cornes;;;el Carnero Sin Cuernos;;;;;;;;;x
nick_the_big_ram;the Big Ram;le Grand Bélier;;;el Gran Carnero;;;;;;;;;x
nick_the_strong_ram;the Battering Ram;le Bélier de Fer;;;el Carnero de Hierro;;;;;;;;;x
nick_the_charming_ram;the Regal Ram;le Beau Bélier;;;el Carnero Elegante;;;;;;;;;x
nick_the_grotesque_ram;the Ugly Ram;la Biquette;;;el Cabrito;;;;;;;;;x
nick_the_little_ram;Little-Ram;le Petit Bélier;;;el Pequeño Carnero;;;;;;;;;x
nick_the_wise_ram;Brightram;le Bélier Sage;;;el Carnero Sabio;;;;;;;;;x
nick_the_simple_ram;the Dim Ram;Corne Brisée;;;el Carnero Lisiado;;;;;;;;;x
nick_the_learned_ram;Darkram;le Bélier Érudit;;;el Carnero Erudito;;;;;;;;;x
nick_the_delicate_ram;the Weak Ram;le Bélier Solitaire;;;el Carnero Solitario;;;;;;;;;x
nick_the_suspicious_ram;the Silver Ram;le Bélier Vigilant;;;el Carnero Vigilante;;;;;;;;;x
nick_the_headstrong_ram;the Old Ram;le Bélier de Siège;;;el Viejo Carnero;;;;;;;;;x
nick_the_laughing_ram;the Howling Ram;le Bélier Rieur;;;el Carnero Sonriente;;;;;;;;;x
nick_the_ram_knight;the Ram[This.GetNicknameWarrior];le Chevalier-Bélier;;;el Carnero [This.GetNicknameWarrior];;;;;;;;;x
######Lolliston Nicknames;;;;;;;;;;;;;;x
nick_the_black_barrel;the Black Barrel;le Baril Noir;;;el Barril Negro;;;;;;;;;x
nick_the_white_barrel;the White Barrel;le Baril Blanc;;;el Barril Blanco;;;;;;;;;x
nick_the_crazed_barrel;Mad-Barrel;le Baril Fou;;;el Barril Loco;;;;;;;;;x
nick_the_wild_barrel;the Wroth Barrel;le Baril Sauvage;;;el Barril Salvaje;;;;;;;;;x
nick_the_harmless_barrel;Red-Barrel;le Baril Vide;;;el Barril Vacío;;;;;;;;;x
nick_the_big_barrel;the Full Barrel;le Baril Plein;;;el Barril Lleno;;;;;;;;;x
nick_the_strong_barrel;the Battering Barrel;le Tonneau;;;el Tonel;;;;;;;;;x
nick_the_charming_barrel;the Wine Barrel;le Baril de Vin;;;el Barril de Vino;;;;;;;;;x
nick_the_grotesque_barrel;the Broken Barrel;le Baril Percé;;;el Barril Horadado;;;;;;;;;x
nick_the_little_barrel;Little-Barrel;le Petit Baril;;;el Pequeño Barril;;;;;;;;;x
nick_the_wise_barrel;Brightbarrel;le Baril Sage;;;el Barril Sabio;;;;;;;;;x
nick_the_simple_barrel;the Empty Barrel;le Baril Brisé;;;el Barril Quebrado;;;;;;;;;x
nick_the_learned_barrel;Darkbarrel;le Baril Érudit;;;el Barril Erudito;;;;;;;;;x
nick_the_delicate_barrel;the Weak Barrel;le Baril Solitaire;;;el Barril Solitario;;;;;;;;;x
nick_the_suspicious_barrel;the Silver Barrel;le Baril Vigilant;;;el Barril Vigilante;;;;;;;;;x
nick_the_headstrong_barrel;the Old Barrel;le Bélier Étroit;;;el Viejo Barril;;;;;;;;;x
nick_the_laughing_barrel;the Rolling Barrel;le Bélier Roulant;;;el Barril Rodante;;;;;;;;;x
nick_the_barrel_knight;the Barrel[This.GetNicknameWarrior];le Chevalier-Baril;;;el Barril [This.GetNicknameWarrior];;;;;;;;;x
######Piper Nicknames;;;;;;;;;;;;;;x
nick_the_black_pipe;the Black Pipe;la Vierge Noire;;;la Doncella Negra;;;;;;;;;x
nick_the_white_pipe;the White Pipe;la Vierge Blanche;;;la Doncella Negra;;;;;;;;;x
nick_the_crazed_pipe;Mad-Pipe;la Vierge Folle;;;la Doncella Loca;;;;;;;;;x
nick_the_wild_pipe;the Prickly Pipe;la Vierge Sauvage;;;la Doncella Salvaje;;;;;;;;;x
nick_the_harmless_pipe;Red-Pipe;la Vierge Sans Défense;;;la Doncella Indefensa;;;;;;;;;x
nick_the_big_pipe;the Full Pipe;la Grande Vierge;;;la Gran Doncella;;;;;;;;;x
nick_the_strong_pipe;Strong-Pipe;la Vierge Forte;;;la Doncella Fuerte;;;;;;;;;x
nick_the_charming_pipe;the Fair Piper;la Belle Vierge;;;la Doncella Preciosa;;;;;;;;;x
nick_the_grotesque_pipe;the Ugly Pipe;la Vierge Repoussante;;;la Doncella Retirada;;;;;;;;;x
nick_the_little_pipe;Little-Pipe;Petite-Vierge;;;la Pequeña Doncella;;;;;;;;;x
nick_the_wise_pipe;the Wise Pipe;la Vierge Sage;;;la Doncella Sabia;;;;;;;;;x
nick_the_simple_pipe;the Vapid Pipe;la Vierge Brisée;;;la Doncella Quebrada;;;;;;;;;x
nick_the_learned_pipe;Darkpipe;Vierge Érudite;;;la Doncella Erudita;;;;;;;;;x
nick_the_delicate_pipe;the Soft Pipe;la Vierge Solitaire;;;la Doncella Solitaria;;;;;;;;;x
nick_the_suspicious_pipe;the Silver Pipe;la Vierge Vigilante;;;la Doncella Vigilante;;;;;;;;;x
nick_the_headstrong_pipe;the Old Pipe;la Vierge Inflexible;;;la Doncella Inflexible;;;;;;;;;x
nick_the_laughing_pipe;the Laughing Pipe;la Vierge Rieuse;;;la Doncella Sonriente;;;;;;;;;x
nick_the_pipe_knight;the Smoking[This.GetNicknameWarrior];le Chevalier-à-la-Vierge;;;el [This.GetNicknameWarrior] Doncella;;;;;;;;;x
######Brune Nicknames;;;;;;;;;;;;;;x
nick_the_black_paw;the Black Paw;la Patte Noire;;;la Garra Negra;;;;;;;;;x
nick_the_white_paw;the White Paw;la Patte Blanche;;;la Garra Blanca;;;;;;;;;x
nick_the_crazed_paw;Mad-Paw;Patte-Folle;;;la Garra Loca;;;;;;;;;x
nick_the_wild_paw;Wrothpaw;la Patte Sauvage;;;la Garra Salvaje;;;;;;;;;x
nick_the_harmless_paw;Red-Paw;la Belle Patte;;;la Garra Elegante;;;;;;;;;x
nick_the_big_paw;Big-Paw;la Grande Patte;;;la Gran Garra;;;;;;;;;x
nick_the_strong_paw;Strong Paw;Patte-Forte;;;la Garra Fuerte;;;;;;;;;x
nick_the_charming_paw;Golden-Paw;la Charmante Patte;;;la Garra Amable;;;;;;;;;x
nick_the_grotesque_paw;the Broken Paw;la Patte Molle;;;la Garra Mocha;;;;;;;;;x
nick_the_little_paw;Little-Paw;la Petite Patte;;;la Pequeña Garra;;;;;;;;;x
nick_the_wise_paw;Brightpaw;la Patte Sage;;;la Garra Sabia;;;;;;;;;x
nick_the_simple_paw;Dull-Paw;la Patte Cassée;;;la Garra Quebrada;;;;;;;;;x
nick_the_learned_paw;Darkpaw;la Patte Érudite;;;la Garra Erudita;;;;;;;;;x
nick_the_delicate_paw;the Lame Paw;la Patte Solitaire;;;la Garra Solitaria;;;;;;;;;x
nick_the_suspicious_paw;Silver-Paw;la Patte Vigilante;;;la Garra Vigilante;;;;;;;;;x
nick_the_headstrong_paw;Old-Paw;la Patte Inflexible;;;la Garra Inflexible;;;;;;;;;x
nick_the_laughing_paw;the Laughing Paw;la Patte Joyeuse;;;la Garra Alegre;;;;;;;;;x
nick_the_pawknight;the Paw[This.GetNicknameWarrior];le Chevalier-à-la-Patte;;;el [This.GetNicknameWarrior] de la Garra;;;;;;;;;x
######Dayne Nicknames;;;;;;;;;;;;;;x
nick_the_black_star;Blackstar;la Patte Noire;;;la Estrella Negra;;;;;;;;;x
nick_the_white_star;the White Star;la Patte Blanche;;;la Estrella Blanca;;;;;;;;;x
nick_the_crazed_star;Madstar;Patte-Folle;;;la Estrella Loca;;;;;;;;;x
nick_the_wild_star;Wrothstar;la Patte Sauvage;;;la Estrella Salvaje;;;;;;;;;x
nick_the_harmless_star;Redstar;la Belle Patte;;;la Estrella Elegante;;;;;;;;;x
nick_the_big_star;Bigstar;la Grande Patte;;;la Gran Estrella;;;;;;;;;x
nick_the_strong_star;Strongstar;Patte-Forte;;;la Estrella Fuerte;;;;;;;;;x
nick_the_charming_star;Golden-Star;la Charmante Patte;;;la Estrella Apuesta;;;;;;;;;x
nick_the_grotesque_star;the Broken Star;la Patte Molle;;;la Estrella Apagada;;;;;;;;;x
nick_the_little_star;Littlestar;la Petite Patte;;;la Pequeña Estrella;;;;;;;;;x
nick_the_wise_star;Brightstar;la Patte Sage;;;la Estrella Sabia;;;;;;;;;x
nick_the_simple_star;Dullstar;la Patte Cassée;;;la Estrella Quebrada;;;;;;;;;x
nick_the_learned_star;Darkstar;la Patte Érudite;;;la Estrella Erudita;;;;;;;;;x
nick_the_delicate_star;Softstar;la Patte Solitaire;;;la Estrella Solitaria;;;;;;;;;x
nick_the_suspicious_star;Silverstar;la Patte Vigilante;;;la Estrella Vigilante;;;;;;;;;x
nick_the_headstrong_star;Oldstar;la Patte Inflexible;;;la Vieja Estrella;;;;;;;;;x
nick_the_laughing_star;the Laughing Star;la Patte Joyeuse;;;la Estrella Alegre;;;;;;;;;x
nick_the_starknight;the Star[This.GetNicknameWarrior];le Chevalier-à-la-Patte;;;el [This.GetNicknameWarrior] de la Estrella;;;;;;;;;x
######Celtigar/Crabb Nicknames;;;;;;;;;;;;;;x
nick_the_black_crab;the Black Crab;la Patte Noire;;;el Cangrejo Negro;;;;;;;;;x
nick_the_white_crab;the White Crab;la Patte Blanche;;;el Cangrejo Blanco;;;;;;;;;x
nick_the_crazed_crab;the Mad Crab;Patte-Folle;;;el Cangrejo Loco;;;;;;;;;x
nick_the_wild_crab;the Wroth Crab;la Patte Sauvage;;;el Cangrejo Salvaje;;;;;;;;;x
nick_the_harmless_crab;Redclaw;la Belle Patte;;;el Cangrejo Elegante;;;;;;;;;x
nick_the_big_crab;Bigcrab;la Grande Patte;;;el Gran Cangrejo;;;;;;;;;x
nick_the_strong_crab;Strongclaw;Patte-Forte;;;el Cangrejo Fuerte;;;;;;;;;x
nick_the_charming_crab;Golden-Crab;la Charmante Patte;;;el Cangrejo Apuesto;;;;;;;;;x
nick_the_grotesque_crab;the Broken Crab;la Patte Molle;;;el Cangrejo Grotesco;;;;;;;;;x
nick_the_little_crab;Littlecrab;la Petite Patte;;;el Cangrejito;;;;;;;;;x
nick_the_wise_crab;the Bright Crab;la Patte Sage;;;el Cangrejo Sabio;;;;;;;;;x
nick_the_simple_crab;Dull Crab;la Patte Cassée;;;el Cangrejo Quebrado;;;;;;;;;x
nick_the_learned_crab;Darkcrab;la Patte Érudite;;;el Cangrejo Erudito;;;;;;;;;x
nick_the_delicate_crab;Softshell;la Patte Solitaire;;;el Cangrejo Solitario;;;;;;;;;x
nick_the_suspicious_crab;the Silver Crab;la Patte Vigilante;;;el Cangrejo Vigilante;;;;;;;;;x
nick_the_headstrong_crab;the Old Crab;la Patte Inflexible;;;el Viejo Cangrejo;;;;;;;;;x
nick_the_laughing_crab;the Laughing Crab;la Patte Joyeuse;;;el Cangrejo Alegre;;;;;;;;;x
nick_the_crabknight;the Crab[This.GetNicknameWarrior];le Chevalier-à-la-Patte;;;el Cangrejo [This.GetNicknameWarrior];;;;;;;;;x
GetNicknameWarrior_Blank; ;;;;;;;;;;;;;x
GetNicknameWarrior_Warrior; Warrior;;;;Guerrero;;;;;;;;;x
GetNicknameWarrior_Knight;knight;;;;Caballero;;;;;;;;;x
GetNicknameWarrior_Reaver;reaver;;;;Saqueador;;;;;;;;;x
GetNicknameWarrior_Ranger; Ranger;;;;Cazador;;;;;;;;;x
GetNicknameWarrior_LordLady; [This.GetLordLady];;;; [This.GetLordLady];;;;;;;;;x
GetNicknameWarrior_KingQueen; [This.GetKingQueen];;;; [This.GetKingQueen];;;;;;;;;x
nick_the_pipeknight;the Pipe[This.GetNicknameWarrior];;;;el [This.GetNicknameWarrior] de la Doncella;;;;;;;;;x
nick_the_barrelknight;the Barrel[This.GetNicknameWarrior];;;;el Barril [This.GetNicknameWarrior];;;;;;;;;x
nick_the_ramknight;the Ram[This.GetNicknameWarrior];;;;el Carnero [This.GetNicknameWarrior];;;;;;;;;x
nick_the_leopardknight;the Leopard[This.GetNicknameWarrior];;;;el Leopardo [This.GetNicknameWarrior];;;;;;;;;x
nick_the_scorpionknight;the Scorpion[This.GetNicknameWarrior];;;;el Escorpión [This.GetNicknameWarrior];;;;;;;;;x
nick_the_weaselknight;the Weasal[This.GetNicknameWarrior];;;;el Tejón [This.GetNicknameWarrior];;;;;;;;;x
nick_the_spiderknight;the Spider[This.GetNicknameWarrior];;;;el [This.GetNicknameWarrior] Araña;;;;;;;;;x
nick_the_butterflyknight;the[This.GetNicknameWarrior] of Butterflies;;;;el [This.GetNicknameWarrior] de las Mariposas;;;;;;;;;x
nick_the_beeknight;the Bee[This.GetNicknameWarrior];;;;el [This.GetNicknameWarrior] Abeja;;;;;;;;;x
nick_the_centaurknight;the Centaur[This.GetNicknameWarrior];;;;el Centauro [This.GetNicknameWarrior];;;;;;;;;x
nick_the_antknight;the Ant[This.GetNicknameWarrior];;;;el [This.GetNicknameWarrior] Hormiga;;;;;;;;;x
nick_the_lightningknight;the Lightning[This.GetNicknameWarrior];;;;el Relámpago [This.GetNicknameWarrior];;;;;;;;;x
nick_the_fawnknight;the Fawn[This.GetNicknameWarrior];;;;el Cisne [This.GetNicknameWarrior];;;;;;;;;x
nick_the_peacockknight;the Peacock[This.GetNicknameWarrior];;;;el Pavo [This.GetNicknameWarrior];;;;;;;;;x
nick_the_oxknight;the Ox[This.GetNicknameWarrior];;;;el Buey [This.GetNicknameWarrior];;;;;;;;;x
nick_the_shellknight;the Shell[This.GetNicknameWarrior];;;;el [This.GetNicknameWarrior] de las Conchas;;;;;;;;;x
nick_the_badgerknight;the Badger[This.GetNicknameWarrior];;;;el [This.GetNicknameWarrior];;;;;;;;;x
nick_the_unicornknight;the Unicorn[This.GetNicknameWarrior];;;;el Unicornio [This.GetNicknameWarrior];;;;;;;;;x
nick_the_seahorseknight;the Seahorse[This.GetNicknameWarrior];;;;el Caballo de Mar [This.GetNicknameWarrior];;;;;;;;;x
nick_the_swordfishknight;the Swordfish[This.GetNicknameWarrior];;;;el [This.GetNicknameWarrior];;;;;;;;;x
nick_the_arrowknight;the Arrow[This.GetNicknameWarrior];;;;el [This.GetNicknameWarrior] de las Flechas;;;;;;;;;x
nick_the_bellknight;the Bell[This.GetNicknameWarrior];;;;el [This.GetNicknameWarrior] de las Campanas;;;;;;;;;x
nick_the_batknight;the Bat[This.GetNicknameWarrior];;;;el Murciélago [This.GetNicknameWarrior];;;;;;;;;x
nick_the_frogknight;the Frog[This.GetNicknameWarrior];;;;el [This.GetNicknameWarrior] Rana;;;;;;;;;x
nick_the_salmonknight;the Salmon[This.GetNicknameWarrior];;;;el Salmón [This.GetNicknameWarrior];;;;;;;;;x
nick_the_snakeknight;the Snake[This.GetNicknameWarrior];;;;el [This.GetNicknameWarrior] Serpiente;;;;;;;;;x
nick_the_scytheknight;the Scythe[This.GetNicknameWarrior];;;;el [This.GetNicknameWarrior];;;;;;;;;x
nick_the_warhornknight;the Warhorn[This.GetNicknameWarrior];;;;el [This.GetNicknameWarrior];;;;;;;;;x
nick_the_axeknight;the Axe[This.GetNicknameWarrior];;;;el Hacha [This.GetNicknameWarrior];;;;;;;;;x
nick_the_laughing_swan;the Laughing Swan;;;;el Cisne Risueño;;;;;;;;;x
nick_the_laughing_turtle;the Laughing Turtle;;;;la Tortuga Risueña;;;;;;;;;x
nick_the_laughing_thorn;the Laughing Thorn;;;;la Espina Risueña;;;;;;;;;x
nick_the_laughing_hound;the Laughing Hound;;;;el Sabueso Risueño;;;;;;;;;x
nick_the_laughing_boar;the Laughing Boar;;;;el Jabalí Risueño;;;;;;;;;x
nick_the_laughing_apple;the Laughing Apple;;;;la Manzana Risueña;;;;;;;;;x
nick_the_laughing_oak;the Laughing Oak;;;;el Roble Risueño;;;;;;;;;x
nick_the_laughing_griffin;the Laughing Griffin;;;;el Grifo Risueño;;;;;;;;;x
nick_the_laughing_tower;the Laughing Tower;;;;la Torre Risueña;;;;;;;;;x
nick_the_laughing_merman;the Laughing Merman;;;;el Tritón Risueño;;;;;;;;;x
nick_the_mermaidknight;the Mermaid[This.GetNicknameWarrior];;;;la Sirena [This.GetNicknameWarrior];;;;;;;;;x
nick_the_laughing_mermaid;the Laughing Mermaid;;;;la Sirena Risueña;;;;;;;;;x
nick_the_laughing_bear;the Laughing Bear;;;;el Oso Risueño;;;;;;;;;x
nick_the_laughing_fox;the Laughing Fox;;;;el Zorro Risueño;;;;;;;;;x
nick_the_laughing_rose;the Laughing Rose;;;;la Rosa Risueña;;;;;;;;;x
nick_the_laughing_spear;the Laughing Spear;;;;la Lanza Risueña;;;;;;;;;x
nick_the_chequyknight;the Chequy[This.GetNicknameWarrior];;;;el [This.GetNicknameWarrior] Descarado;;;;;;;;;x
